Original_QFI,Predicted_QFI
2.216113663408371,1.9053084
1.3081737133527271,2.3429265
2.009503776748621,3.2705207
5.457784494413337,2.6029043
7.9152472388238735,2.2474802
1.1507142159740311,1.7271447
0.983430328438746,1.9473436
2.1280642103628926,3.2057984
0.8284541971626446,1.7545972
1.6203984330998715,2.9032698
6.396790267761788,2.0485091
1.5006154856319447,3.604066
1.552707778878106,2.8619757
6.487424827032818,4.7290654
1.659796984391751,2.2173133
1.1087134751228018,1.6667887
1.779980785619531,1.467525
1.0455946448234372,2.1714554
0.6368310963433524,1.4764689
2.5840046130167966,2.8340058
1.4867132267071068,2.1007566
1.8290164284510628,2.18266
1.6328711810133831,1.8607613
2.8633191596548686,4.543426
1.4164351144112524,1.9156961
2.4273331999391483,1.7506431
2.2237223857316435,2.32998
2.040883922573161,1.9311333
1.106797829524908,3.203344
1.482933615522497,2.2090626
1.106539503247456,2.7067456
0.7379246737056575,1.7078595
2.541839589877827,2.01664
5.555437249264772,2.649504
0.3044858420497228,2.2130675
1.1518115499388548,2.2416673
1.8760183788959224,3.4085968
2.7259565734815534,2.0774567
1.2014073106884644,2.2497253
1.511362581173374,4.4831977
6.088672166453508,4.4077215
3.295071803492188,2.0210204
2.587039266791068,1.7797437
2.5848044526772616,2.1040778
9.586918062012712,1.9226309
2.359362381160703,1.8988558
3.51578740623464,2.4338553
9.878379677546723,7.561895
2.500188269732119,2.406434
3.1235048174257454,3.0206223
0.8201008780181664,1.809784
0.6930696249065744,1.6080685
4.048559494212938,1.872581
2.563842717768825,3.1132944
3.731235475837333,2.6029503
0.6452953946377593,2.0154438
1.9044410819533168,1.6477736
1.105878001160437,2.4279482
1.593422957243536,2.3826585
0.8596759218511437,2.3645983
1.8050615204547389,2.0444005
1.0683545147840183,1.8741308
1.809040742859084,2.146215
1.3170219240944498,2.6329613
2.676890518421668,2.7789733
1.940163510897692,1.8741866
3.2009516805809213,2.4644701
0.8349045140701928,1.6359254
46.27592979233179,42.475574
1.799654958343882,2.005993
3.907022529620041,1.8982571
1.1953752242748803,2.4280343
1.3581423281889755,1.8725438
0.4311019593784785,2.2632606
2.6314735100172726,1.8906933
3.56232063710214,3.3722925
3.026401945092537,1.9388593
4.7321348946275,3.4977722
4.666347387733891,2.4680495
1.360846840955075,1.5651398
0.9952889922758588,1.788637
1.6809592853021025,2.005993
1.244330840642521,1.8918318
2.399959596639972,2.228446
9.673140440883603,9.707312
1.996548579327087,5.5114474
2.3652608699608946,2.4516268
1.3983761443963545,1.9978969
3.1903116578555903,2.614813
2.544207673549927,3.6342638
1.1307143089010112,1.9477789
1.413318392614927,2.0158124
3.302198233027363,2.3739703
3.2482339854656197,5.1901326
1.1242441738421296,1.6599447
3.279420190343348,2.0467343
0.8360663676998077,1.7574338
0.8059715067566411,2.216414
1.1416971583325268,3.166504
3.2325650500380423,6.968677
1.929739552458626,2.9294136
2.837697188880412,3.7346053
1.2887420668204028,1.7075567
2.2955905015417044,2.4724088
5.88346679564536,2.0005019
1.5487562518764395,2.1137419
2.2108362175986453,2.8540237
2.0602713144263585,4.5444546
0.8186584028626273,2.0539203
2.5714526094184955,3.4310308
7.977862968715542,3.0267608
0.6860468291986312,2.005993
1.272825710280881,2.1427622
1.0468683195400723,2.2033567
1.1050255930566435,2.183743
2.7092795502125866,1.99661
2.1127627982825574,1.8510387
2.239141220416145,2.9364653
6.815017226620685,3.3120522
1.8730500028977723,2.7301488
2.0578555460325987,2.1377246
3.398342479328212,2.7231472
2.116635656818983,3.9170282
2.2000902122448083,3.1752453
0.904268854634414,1.6814773
1.7496743026491126,2.5026455
2.8276405892412884,1.8791178
1.0644038137583216,1.8792454
4.499997049818953,2.9262064
1.5696171994257293,2.120024
1.053623750001422,2.456963
1.0976354916679765,2.0909252
1.3532554097379228,1.7153301
0.3460458190470447,2.005993
2.869606139596913,3.0020962
1.6378608884770518,2.213146
3.31544550837902,2.7854204
3.834519349060602,3.6545742
2.804934336247669,2.2911854
2.263954681274256,2.0245717
1.832156106911664,1.9976848
2.6151249502620817,3.042392
3.829625532161837,3.2374215
3.891206599252212,2.3094904
1.0137849743065528,1.6527982
1.6070024220157948,1.8369489
1.480072435722663,2.4646726
3.099567083999824,2.610641
3.816386800341297,2.017478
2.964621525375934,2.2199702
2.116854608057111,3.7529376
1.423637600144679,2.0842328
1.923454494840817,2.2261019
0.551447753922814,1.6354133
3.413122373586184,2.886685
3.282992974020372,1.8963411
4.127035319660562,2.1324687
2.181400846820543,2.0007145
0.5587399255253678,1.5932275
2.0628084241938747,1.7837428
3.338984822328211,5.6765466
6.889098545365272,4.254679
20.381696773836303,6.9163337
1.1176560091012433,1.711918
2.393178159431395,3.0644696
1.1188728546687257,1.8419296
0.9254187912248872,1.9969797
6.48699111836909,2.67018
1.1197189251326354,2.3281293
154.88221217783845,164.17905
1.500779382423917,2.9587708
2.0944893572829555,1.7637568
0.5313821163912458,1.9178389
2.2509827728029435,1.7554199
5.1088546593268935,3.9609709
7.683914599306832,4.358871
1.3656705154731554,2.005993
2.4311339960994647,1.5281199
3.531838613750936,2.3245249
2.0969898645388243,3.3106666
3.5310865939596203,3.3854523
2.01633411356078,2.48719
1.9179408103449769,2.013586
0.4359357626360241,1.6255072
1.5492124169952195,4.0118866
1.9530932650282784,4.027039
10.215018461745466,9.215814
2.604942848616373,2.1041484
6.069129783351101,3.037857
1.40789269459877,1.8418192
9.956833792786735,8.578274
2.16947836195955,2.7062972
5.645405021196299,3.9105153
0.8990462227119893,1.8429766
1.5224283908555347,1.9585024
2.09434651445861,3.5202584
2.847904254641365,2.2570853
2.125146171191244,1.6142297
0.7102405572227422,2.41212
7.566282507474524,4.370954
3.5178692341484297,4.440928
0.631090603759696,1.9020952
3.773212791590021,2.697815
1.457306566400952,2.2321374
7.983580872987886,3.6930037
1.3200808676703235,2.5641685
2.6709897757997862,2.2154226
1.7672559743655505,1.5327308
2.476911629717653,3.2890124
2.1524795149910805,1.7071453
1.7961358721175813,1.7142535
1.8024057716214164,1.537345
3.754805509988053,3.5014725
1.8485239319176177,3.7738216
1.864365280396852,1.8345512
0.8596655136154729,2.2715557
0.5201816482673991,1.5578871
1.7804901294011384,1.8868707
3.7581548500935615,2.1071393
0.5884128610893639,1.8002673
3.048278063180901,2.4899225
5.234550411709368,4.740092
1.9354423944411216,2.5381439
7.217918604854342,3.267867
1.0468026003569262,1.8791373
0.7701282582454971,1.5919175
0.7204511598677054,2.100295
2.467355960180453,3.1902952
5.318007684346648,2.608943
3.5499937374543817,2.6328568
3.3754214456809577,2.7533023
1.8017886640155916,2.1753793
5.733566780004882,2.324401
1.5179644606837903,1.7337705
3.246283867234612,2.268209
0.7059189511721995,1.6884321
4.049011078014759,2.1787274
5.991577733379092,2.777051
3.8097998609460064,1.8853222
2.7113134822185687,2.6262379
1.7886719832437068,2.2450414
3.997078704264797,3.1502357
2.485458702407069,2.0012305
3.2710538610604054,2.2735782
4.877747070756728,2.093082
1.1099234987312996,1.7548956
1.0905269440658132,1.8469617
6.732317350747258,2.005993
0.4943744399838621,1.7976221
6.480439555765997,3.2775085
3.5942748745009,2.191504
0.8862095459768586,2.003515
2.7270389683629808,2.7004714
1.6787413407358964,3.1131313
23.01248956962035,13.905605
4.568339451360644,2.2181447
3.1483555007158355,1.6941316
1.2972497708238486,1.6548871
3.60246103337007,2.5956507
1.719505771875072,2.0219882
0.665838802645213,3.634916
1.8429113044040728,3.1894877
1.4560859749731088,2.2558107
6.227898287971586,2.240643
2.234303726316673,1.5357738
3.1852733907728368,1.7774999
0.6915281843367629,1.8668633
11.034431549738391,8.483764
1.6494375317942995,2.6207757
2.134059281310556,1.7932638
1.9790989227182365,1.5838746
5.029221940923669,2.0076232
1.369754776799074,1.914292
1.6355229220853629,2.0261784
0.9277838955840608,1.7373642
2.4604190611995875,1.9985318
1.1149420146003894,1.6483889
1.092199901124863,1.8430538
0.9766172851862224,1.6390864
1.6122474923873966,1.9515115
1.6248203360411504,2.5196683
1.1686693652765323,2.6588535
6.115387372668355,2.3282695
8.360135157197606,2.804518
2.6229565418475813,2.188102
1.1231238371095704,1.7760974
0.6007005281799979,2.005993
1.4832839237215467,1.6123704
0.6299003797277175,1.6127428
0.9658770588996606,1.7564839
0.746686971202804,2.005993
1.104775634237535,1.6125072
3.334906746084844,2.3435712
1.4068530947228757,3.0020676
1.1831462742404402,4.3046556
0.5042760527726332,1.4416156
3.1122184417433045,4.7176385
0.7777013555767694,1.7979184
2.833251783653301,1.785014
1.2813239974032504,2.005993
2.370035169606983,2.6350908
0.8694848559029766,2.8732514
1.0734422098959835,2.996075
1.406372941220142,2.523635
2.644150325588293,2.1981056
1.142816743279481,1.9672211
1.0690115747612077,2.5537388
2.2133459173425667,1.8592745
1.5500375251729124,2.6664917
2.6873436799311685,3.0016122
1.3041507024408865,1.7397801
28.66180944174221,25.222126
0.8762697622618355,1.7897397
5.774328866179284,2.7531195
3.5678768757381145,2.7469854
1.425549855561384,2.5047715
3.050320540247072,2.5039318
2.087786770471237,3.3045433
2.142870024598912,2.0878983
1.405913668162596,2.043426
3.104377008897533,3.145753
5.3675890143714895,4.821805
1.8672992507147157,1.7921052
2.930977670315592,2.9282253
2.7486119537142657,2.1229558
5.539999199469136,1.9933051
1.40886573764174,2.4272175
2.124866715520885,5.6399474
0.9889497470679508,2.2123704
0.58102925841482,3.126566
3.948052157529598,2.005993
2.3833828881072114,2.1171627
0.8536836602402825,2.0102122
2.752823002836322,1.7859802
0.5943122268902601,2.0149398
1.5845499994945054,1.9525443
2.9502977770583945,2.0276668
11.71493492550562,7.9094214
5.185492884119795,6.848214
3.3964423974124944,2.879148
0.8015059426381166,2.1931276
0.5171094531672207,1.5560327
2.5037884079433645,2.7156854
0.6372402330420559,1.6967515
0.5117457974401051,1.6123983
5.171714259350107,2.9673724
0.7367158465485173,2.3037972
11.681844211546144,4.845226
1.1773660582722003,1.9759773
9.696231895425516,2.8645089
1.5200319806199218,2.1190166
1.1546536136800831,1.9611666
2.847384592226903,2.339303
2.0759153058391706,1.9899863
0.5750913425153847,1.4744271
4.507921066863135,2.0094619
3.507927113071603,2.2940397
0.5314438741781727,1.4607371
0.9730884893061662,1.8006812
1.722378715114544,2.9695292
1.0905584846903884,2.1738362
1.0021683960494463,1.7823645
1.4624769478561497,1.876064
1.174733673687871,2.2863724
0.853735300877098,1.7438873
4.86919353065943,3.8721514
0.6494147019834076,1.906839
1.6049239235544457,2.358333
2.1967827654709184,2.3994799
3.0603541443279694,1.5483322
1.5334135479504736,2.7606955
0.7450831209188031,1.4529995
0.9387033170440268,2.239015
1.2566291349444647,2.005993
5.52500332856867,6.3014655
8.827949536112317,2.046267
0.6024795139669247,1.6794037
2.9200609916317,1.76269
1.8698234673992948,2.163231
0.8951903656290129,1.9544455
1.6513060132519948,1.9392041
0.883994411233165,1.9299921
1.5792935836309103,1.8337555
3.100852374645489,2.465282
2.4501842534411087,1.7441345
1.8724742796554656,2.3914366
1.9127800161143396,2.5111446
6.121521103264724,2.8643
0.905252873041408,1.4032756
3.51393778860016,6.851522
1.7362157424706104,2.6953468
2.4420917179545185,2.6008677
2.446166781003245,2.5095944
1.5818023172512303,2.0423455
11.852254601033248,8.692711
4.994558365960069,1.7471865
1.1999399278660805,3.7569268
1.4971465531314911,3.38975
3.3327481835937616,1.9140229
1.125960858446223,1.7721916
1.0281956135258958,1.9015547
2.1448018876236064,1.5967003
3.024360928593741,2.1020823
3.357106197129221,1.7953869
5.103064481541702,1.9638609
2.920532608462761,2.1739268
0.984854166145912,2.1041708
1.7059919317033478,1.9280874
4.207447645383256,2.6722467
6.704067949484868,4.1847625
1.2465990840382897,1.9669104
0.8719698162787644,2.2263148
4.9960969935388935,3.3979328
4.571573897805144,3.6599698
4.218901890515909,3.1408968
1.0771530047513505,1.7660106
0.6040459068710188,1.8583246
1.7202554103261238,2.105184
0.5789008655505313,1.724208
2.463601561749376,3.0713906
2.7873690741070445,1.822844
0.8924920229774831,1.7564529
3.1885436491934653,2.547728
0.7416528093858747,5.730205
8.267570502719227,1.7219764
1.5829555656792542,1.6787429
2.277444766347477,1.8186231
4.2165492700165474,3.084866
1.942329172981328,1.6936629
1.3273278900057166,2.005993
30.13704161766877,7.3326497
1.6698890211386628,2.2615855
3.1792197356110266,4.1971164
5.291154093365432,4.3716493
9.766604169376745,6.03277
1.674242052032025,1.866205
4.442526988928443,3.762011
0.8904612363883845,1.5715312
6.299088755804091,1.9917411
4.787621867907998,2.1885142
5.323338630050832,3.0499594
1.4062980665653717,1.8898867
2.213611985906588,1.6338845
1.1974576198906302,3.1611714
14.031002117710324,10.694239
1.085299881530276,1.6065999
3.9565790013762223,1.8345392
1.4686648594985026,2.3176003
7.056191485043481,5.3808217
1.0453947010335485,2.1760926
1.4512396110014496,2.5849504
0.641665272237017,1.9661543
2.886786477934372,3.661295
2.8299541120461065,3.1925397
1.783364437588936,2.005993
3.087577496951392,2.5363183
0.9145800960727068,1.5032538
1.695737501610758,1.8435929
6.486798040767911,4.1001306
1.5148980305763298,2.2939627
2.6123322492834884,3.6692681
6.188189255707849,5.7978206
1.335144538813193,2.1488562
1.4186164738252889,1.9267616
3.0724003176841688,2.0416007
5.2690363704023735,2.9418526
3.430409252599033,3.3514483
0.9016593641303446,1.6623768
1.2550084278425369,1.6192755
2.698587866819408,2.005993
0.9809117885183024,1.9710587
0.7160222079131001,2.6126456
1.4056065495145216,1.793596
1.0938931658982889,7.3179374
2.1226635128412967,2.880784
2.901364469550628,2.127147
3.288760522898694,2.1133037
6.689518861742556,5.1578126
2.333351568030975,1.7661829
1.0315218708512286,2.005993
0.661044980698954,2.080154
1.753476318913235,3.7620165
0.7656387638538715,1.9622968
2.244446137129589,2.005993
1.0067543824898104,2.0467744
1.684471561726062,1.9792138
1.0197738835471426,2.708973
1.7606884372770213,1.7998163
9.443566514519826,3.0742822
1.511714637384611,1.9385335
0.5175012474825148,2.0556705
7.191690234242758,6.516065
0.7559057534534084,1.8921556
1.6896645762974467,1.9885379
0.9224933365651032,2.4665494
3.081010311149732,2.657538
2.941323814533972,2.0460846
2.040790395851724,1.7201626
0.6909302823669541,1.8865385
1.808576511979928,3.0900192
4.515194640966917,2.1166816
1.347465956883925,3.327735
0.7712198141421702,2.0612087
1.4693384827063591,2.2425406
0.8104854759460451,1.9906956
0.6744116450599571,2.885364
3.5548358375971505,2.3504314
1.7623208357498312,2.6244328
1.373701959719499,2.221708
0.9130893372789808,2.131846
2.465413237986118,2.0429626
1.892652137783339,2.2188973
5.816708669939859,4.8110285
0.9172697437540094,1.9159976
1.5793288075556156,3.662272
20.909482990535626,9.083089
2.3089753431036697,6.1757417
3.12571253528646,2.5606155
0.8455874792209762,2.5038233
2.7251295470519024,1.9134641
1.422054561223642,2.6505258
1.960648505387503,1.7418544
2.669136801891488,2.4097943
2.426900262077837,4.147919
4.779222134067791,2.2317324
0.9814451290440264,1.8570013
0.8845762856106408,1.7830774
2.159665958659386,2.3899992
1.451969279892994,1.882008
1.0802410084656522,1.6115391
2.483321196684508,2.1809797
1.767189144084088,1.9430121
1.6398863575631444,2.6222472
1.9569782042134656,2.036363
3.533752803752451,1.8381869
1.0503013275311412,2.3852973
1.8945299766096717,2.1721284
2.1522262514753097,2.836452
3.2629419892793234,2.0638251
6.11310327496858,5.6029587
3.025008935124333,3.6661067
1.9480534771698417,2.3137376
8.023095855672683,2.4769688
0.6428387078359314,1.5373427
1.682261312692097,1.6448629
2.99975207677216,2.6799178
2.259223289170695,2.1849668
2.315565116883401,3.0520716
5.489960059572882,4.232386
1.068860883448714,2.7600355
4.000072436750096,2.9320793
1.9473562572977872,2.6337435
4.337104588163959,2.1838868
0.922087917529108,2.7877383
1.959559517217484,3.6257691
3.784202918236408,2.3474057
3.264911171030236,2.3555336
2.7414321286098424,2.0573645
1.0451372353374235,1.5731741
2.21058464199138,2.7497158
1.045668039875039,1.6651591
0.6642355417420494,2.3439815
1.119740309473942,1.841246
1.5196169373113693,1.8711601
1.695189433580013,2.7269793
4.461914974950806,5.2683606
14.490897149179666,9.341722
11.588003424977606,3.5357265
1.3256128799055036,2.1372447
2.687280377107931,2.1400256
1.7800807741735014,1.6029264
2.8562249075425195,2.2873166
4.335256410997761,2.710661
2.2585874261618306,2.199297
6.00779348819006,6.213371
3.153378808904951,4.746618
2.3629186112698197,2.5865152
0.8564698307507667,2.7899065
0.9062377813425035,2.787424
1.9947930459476184,3.052944
3.768623494558201,2.5740628
3.20985896602286,2.6975398
31.98001878216248,14.914517
6.04686651086616,4.814377
1.644339778924084,2.460366
4.74959217264747,1.838935
3.431882620662289,2.14118
1.0568167308342749,1.7242284
0.8796851595451683,1.9297907
6.247628286123565,5.3659406
1.1303684271213594,2.0044634
1.2733969813644148,1.5554229
2.819446124132244,2.005993
0.7586098075298133,1.7784959
2.6553552231278346,2.240273
1.640925367744699,1.799423
0.9386784710546928,2.0005994
2.413951130548035,2.5159888
2.4014981601069003,2.005993
1.4073361132827198,2.005993
1.9667103136244832,1.7123755
1.5561348784328284,2.1132836
2.20754305034888,1.8511466
3.275436768508661,2.2140877
6.375646009882603,1.9327935
1.0702851817965693,1.4727196
3.3234855907961847,2.4964147
1.0589943554235697,1.580299
1.0429311000654586,1.9448545
13.709973706732235,9.107008
2.8663347480065253,2.262548
2.3950507994502592,2.0186977
0.2591545343472313,1.8906528
0.801904368659162,1.6612371
0.9974558460923196,2.1860776
2.833745983625681,3.7840123
14.552292489684106,8.720903
1.8625031356420516,2.1075773
1.084563775250972,1.6587467
1.146553146765031,1.8333976
1.7696139165741709,1.6971974
8.164022371879952,3.8603492
1.1143347625242044,1.5607842
1.636723453949411,2.0458302
0.7034872116311506,3.4612136
1.718278119898227,2.0141644
1.3652161357276729,1.8898128
3.5907861581455864,1.860438
1.621811027621305,2.5493426
0.6250698271318312,1.4262664
1.332406578874057,1.8847802
1.7051946004848704,2.0395308
2.0192006730070906,5.993302
2.3758801593047143,1.7701198
1.53245184547597,1.727971
2.276471048139852,1.9965215
1.314311828458879,2.0900793
0.5698331962234929,2.1220622
0.932756601344765,2.4730563
1.4644801059378865,1.9848813
2.212209867669776,2.0456507
1.288601110447302,1.4756569
3.1128548531631526,1.8344581
1.2532633110219675,1.7849926
1.69176543917038,2.248679
1.4276169761238242,2.0533524
1.3072911431602834,2.3724155
1.2765959615190223,1.9468504
5.895012769410643,6.064466
6.637202292221389,3.4137201
1.5949005004250218,1.8126413
3.25831540276736,3.2997403
1.9660226271610943,1.8867184
2.561651666654117,2.869533
1.0413837951509497,2.3696845
3.1021688600983595,2.7018106
2.7570897975916115,1.9982424
1.907350972470504,2.1239376
3.2794062389956213,1.5555872
4.750657966150746,2.4356146
6.657277212630614,4.075221
1.1457457963754545,1.7868081
2.975034916206255,2.9555092
2.1735054414878743,2.1652474
1.5114149391072635,1.9583614
8.139100567318463,3.7733722
1.402952369205432,2.693645
2.1373298976759374,2.3882513
2.010198525303051,3.503751
0.615228981730896,1.5354756
7.134930226867279,2.0360827
0.880534507201425,2.7612505
3.835636831776596,2.2926064
1.4209081270267834,2.6811857
1.3522443139973,1.685728
0.8542710990480843,2.010227
0.7720667026586826,1.8102425
1.4208266691420035,5.5331407
16.155603503651054,11.909822
0.6830056720805614,2.2185292
4.119360207341329,4.721814
0.9017961740121176,2.5714533
1.3053828194369002,2.005993
2.789584333753373,1.7751049
2.121608631368521,1.8895676
1.0021461381049657,1.6836481
0.9537020014502274,2.1296191
4.305950289497608,1.8298615
1.562401631698917,1.9779364
1.1241501701169605,2.003805
0.5602762797492542,2.0140376
7.915388537062975,8.9629
5.29601161518218,3.817509
1.920621581095154,2.9358995
0.4829420489009359,1.5840603
2.743238385699,2.3861196
0.8965849082758659,1.4771396
0.681263037828612,1.7275364
2.1759592753540224,3.1667693
11.582366821168431,6.5077434
9.25664902164693,4.194329
2.367089826594507,2.3863711
1.358719448067173,2.6125598
0.8548442641298983,1.5202614
1.95397325224367,3.924874
1.145736470120583,1.8741101
2.515187802693508,1.6801132
1.896534759646628,2.1750748
3.540744213555848,2.4864125
2.79477565362311,3.5260696
3.442938003160256,3.2189326
6.473562143017633,4.540836
1.3580886908195289,1.5760628
3.6102166727911,3.5008018
1.8139019265176417,2.776164
1.9013467423410997,1.9135026
1.0526695876811734,1.8236134
0.6692653029231491,1.4043053
2.446651344743396,2.3749757
0.943153298711004,2.8474393
4.532488167204595,3.3108194
3.0126780707259737,2.077335
0.653004607293678,1.9933355
2.696612084955793,2.3182383
3.322999477271192,3.1506703
1.2897492029080868,2.540792
0.3864235835901517,1.4393543
1.1775533111327332,2.005993
2.710903139728916,2.062686
5.211045623573561,3.2727427
0.658870338239484,1.8726065
3.027743328659491,1.9957289
18.095790489690827,6.1731405
7.024836210803526,4.93193
1.7037059535040984,2.5850258
5.964326193483322,2.0253224
2.426478689742299,1.5347589
2.6642909919525857,2.0568552
4.152963650210922,3.8583016
1.890513485189671,1.8768884
2.1962441657551484,1.9335343
4.255550629180535,2.2832546
1.316994278584537,1.9216514
0.909975848733351,2.2607093
2.8930597907737035,4.5711083
1.9978989581210889,1.6184243
0.4071282985743359,2.2060442
1.279408882296318,1.9505776
1.3783873250722631,2.7040844
2.631541904385446,2.1651382
5.440507247934745,4.0967927
2.187332988239275,2.804811
1.050067562946098,1.9091285
1.7287451100527629,1.6728039
0.5335106953821904,2.2629905
2.249674718949464,2.1741133
0.4208637457085183,1.8405018
2.35683710235399,1.9386499
9.85899220309426,5.0079646
0.7464530841606534,2.4238324
9.163055891998765,6.2045035
2.2577887712943694,2.2913468
1.7822568546090185,1.80759
12.110201342058517,5.5689216
1.337658056363992,3.3151054
2.132687387019194,2.1677885
3.2069041108527787,3.1174483
3.5201580681979747,4.9883623
1.3876504219231738,1.7216867
1.8846727647036048,1.9304863
1.9394087486583664,2.1562886
3.948718730673333,2.1226883
3.201709310582892,1.6908776
0.4871016263810185,1.9561747
3.2071403089215127,3.3668237
3.273197760566622,1.8147911
5.5611646471703615,2.3952744
14.110000711115603,4.916763
0.5921088867480018,1.5687748
2.626927125643971,2.2938728
2.332635489690503,3.1282084
12.021717175591602,8.729043
0.550318251550214,2.0780745
7.125626770033031,3.5546138
2.1687430562828327,2.005993
0.993652056557498,1.8986474
5.209119309030763,4.3983884
0.6769099475295852,2.0856836
0.9356418460952584,1.6373718
1.1661725815407218,2.2227464
0.5344933039624326,2.009567
1.1177728718790043,1.9310428
1.4775450774072063,2.1844013
2.006138448965717,2.3634207
1.2046236843928413,1.8903537
1.1828511152455858,2.706913
2.115703293500462,1.9679791
3.981142230141211,3.442903
9.516366615730757,6.6500516
3.553080958144248,2.095655
2.8694354159300497,1.9918394
2.847185783102858,2.2853942
3.2951940706937117,1.7459264
3.2435527636940984,1.9038033
4.534223967102273,2.9169416
1.684779656419568,1.6821405
2.2061583199623764,2.4371612
0.8350763895151763,1.7290909
3.5410011713505885,2.604566
8.477284375533676,2.1695464
1.3539697214128943,1.6425599
1.089328627900533,2.0196917
1.4238463146886735,5.608545
3.9725194281703526,2.9564543
1.699401288626207,2.005993
2.618500252098681,3.0369847
1.5729040298498806,2.0404172
1.8974400233971471,2.0897264
8.30709823376348,3.753609
7.257390670259936,1.9415176
1.4494557070376406,2.574725
0.7130702458591348,1.5149952
1.6212997655158232,4.422609
6.429732561542485,5.6021957
2.6456227355111244,2.227859
2.0237969419971606,1.9165748
6.3947387315362585,2.4414368
2.516300488342945,2.2689052
0.8284711720098961,2.005993
1.1775084371408728,2.1826582
2.23510566842098,1.797193
3.10597406193304,2.0901997
1.6738506667735036,1.877035
1.2348287820646058,1.7468017
1.351495037358762,2.005993
3.836098475067377,1.8976954
4.504176957875929,3.0026572
2.423861970181874,3.0771704
1.9876526334711675,4.1506233
1.0062518212278655,3.0322475
4.069224489209503,2.1847878
2.4904137237230968,1.6903561
0.7553768984409337,1.9975051
29.29126753064578,28.567457
2.3109487771184885,3.5544803
0.94632416545193,2.9895382
2.8848323025058056,2.3809566
4.914756713177632,2.3025658
0.9283472384147584,1.8362348
1.9788634657268496,1.9073802
0.9812156332832516,2.2606108
5.862287974952833,1.9826819
1.9396379885378243,3.2961004
0.4922626036600964,1.4568094
11.032989377877236,7.397812
1.3318696588126846,1.9939803
1.880757644902373,1.9433469
0.9348012667701796,1.5888218
4.997403210662023,3.4186852
0.4339131991146243,2.006336
13.364413742738748,7.076176
5.132762273481903,6.13349
3.490999213318242,2.3226714
3.337766493082215,2.1114285
1.5722429482437128,1.3578299
1.0439756006402905,2.114954
0.8795140503669376,2.4854226
4.672875936152337,1.8096262
1.2951044421602729,2.7951365
1.9844399336797487,1.748532
1.930644545668623,2.692648
0.7242289232097117,1.6948453
2.6646826064756963,2.3184247
4.021813094144983,1.9856843
2.2683383805692414,1.5022436
4.251187778918942,3.9588842
3.4146946349049667,2.5688863
1.3323803145202209,2.054845
5.992973664172169,5.66676
2.1108357170957355,2.248124
2.3205396027313423,1.8134924
1.4132345051702688,1.7568833
4.611767424007456,4.920312
3.305840816281778,1.8778735
1.15517271140412,3.684628
0.8320989549328033,1.45692
0.9461695783850624,2.9938383
2.3777321921684798,2.2710907
1.2528283806984504,2.062333
1.0014128804999032,1.8014122
1.84336510894103,3.518797
1.0004476164153775,1.9841846
1.1507187980772238,1.7614421
2.92595485521099,1.8348159
3.735314168722242,3.9253986
4.999401350411255,5.321922
1.329776139542699,2.5918794
2.3695216095572524,2.4112415
2.0784904135266093,2.3027565
3.075766543133129,1.768212
0.8247340836382101,2.397208
5.982746959562277,3.612162
7.087782885712009,4.6336856
3.072313730988211,2.7057729
1.2815964854533282,1.7509866
1.1108407896301682,1.712969
0.8201992922017028,1.8170561
1.2833279196771228,1.4711223
4.290849023489246,2.0854912
5.240310668206271,2.496398
3.265578452594804,2.0590682
1.3022620043476048,1.7128953
0.906451225093714,1.7535073
32.2588743413208,12.96731
1.9604420298832883,1.9313639
2.0634182468495967,4.1736684
0.8050715938748031,2.8551922
7.397965611214452,5.6970334
1.1836514272443104,2.1647344
1.992142200251566,1.8957102
1.8306418253701024,1.8674791
0.7060101945790651,1.3985842
3.8431687406324544,2.471686
0.6500725900678136,1.5472122
0.9954927937344704,1.8192496
0.642631803186951,2.0067894
2.4357357803119664,3.026617
1.6375432986182976,1.7433659
1.7008944618592978,1.9138006
0.3688589953428738,2.005993
3.751451856098737,2.6498556
0.7447358901707127,1.8873852
1.8136842600366936,2.1406493
0.8622894589726411,2.3549156
1.7227769978287075,1.8458787
2.9667538899711285,2.334085
0.6710943984684402,2.190197
1.1774756485972386,5.823701
4.2184298241393865,5.3825808
0.756872279665014,1.9900028
1.0474973247212152,2.799001
1.9147879863431785,2.5649674
61.299515160996975,50.280106
4.264501700848841,2.93296
0.8303234113145618,1.6876429
0.4777142958833139,1.7131683
7.392540535548486,3.6424985
7.089424783911879,7.5331726
9.32771245213454,2.005993
5.823610420056763,6.5367374
0.7143152064678369,2.005993
3.993948506251471,1.6447132
1.4304520971397832,2.098886
4.69269490304458,2.040267
2.781013577787512,1.8176191
0.7570077141700958,2.3731852
20.338342590457824,22.321306
3.730768211586932,1.7946302
1.778798350147892,1.8384582
2.6936467691976977,1.7730622
8.604815139551233,3.010433
8.176353616460784,6.5079274
1.4839254166744742,1.6527585
2.8350467438728084,2.00393
1.3039534795412453,1.6391416
0.5675856237947898,2.3592672
1.982572195368545,2.4407227
0.7782008600566537,1.6451963
1.8171557480291336,1.7633418
3.1504987130572064,2.6529448
1.485613658032744,1.7011901
2.8606102858868723,2.6734488
2.2209986789663514,1.8814164
2.496208475108634,2.583465
2.029273488381871,2.871393
1.0567520275902649,1.9338917
1.7828037624094355,2.066265
1.589229082687447,1.9529386
0.8265205963691006,1.7134163
11.767254141608102,6.3519444
2.602683600979877,1.7650863
1.2605275937138902,1.6272595
2.931190972442261,3.2588067
2.571509849948301,2.9931848
2.9909010080758973,2.421485
1.879040013438711,2.0552251
2.628850599659386,1.9938669
0.440663692877653,2.0143251
11.99958165736555,5.627922
1.1016227488397667,1.9338411
6.441927744861792,4.247368
1.1926063796360282,1.7671351
1.1809844461159693,2.2463036
1.1558359511619634,3.335347
2.385457381970931,2.1198916
4.753234925362537,3.0576406
2.536330042062507,2.0248404
4.7696479677409975,5.9054794
2.1860927775489323,3.5752332
2.5649098060643114,2.1084425
3.878510547130096,3.067896
1.9476473091459263,2.2947626
1.6970139317753965,2.4494715
0.8856205988861356,4.1721773
1.0563663608493048,1.7122464
0.7615129974848016,1.9153761
1.0577967985147614,2.150445
1.1382685570485338,3.3591664
1.0899717123668498,1.5370935
2.4846350095916088,3.2949352
2.992779347871916,2.1694233
0.8586102014763903,2.126564
2.4168004625094293,3.1282277
3.1690985880066016,2.3875413
5.609615683155496,3.6613965
1.095522022747265,4.2039447
2.0607900931691683,2.0276608
0.6527463786542758,1.5973746
1.3942712385592144,2.7917366
1.0926571735117945,2.1709938
3.0138879960211167,2.6036878
2.8873342424132904,2.0268118
3.613686927209083,2.4171336
2.552780873778211,2.2425864
1.7569341042540136,3.4632318
0.9215540218576016,1.809882
1.644377932144607,1.9730678
1.6287075849307744,1.5966868
0.9985373757872128,1.5488999
1.166640629090391,3.1139755
1.786276125085592,2.21946
1.38014149755258,1.6107591
2.3442534993365687,1.9833574
0.4946932522576421,1.8405976
1.622456978834979,2.866225
2.9262842776235294,2.5542753
1.5114783698822682,2.6459608
6.299162409890134,2.2454877
1.023722545867941,2.005993
5.1787416357952605,2.529908
1.6805914088343297,1.852377
1.2445985015536574,1.9594961
11.102530632139633,12.143315
1.2082346043485568,2.8082747
1.1915734175887094,2.3186579
1.738188267734331,2.005993
2.772562056020304,2.2759902
0.837066040263553,2.0064077
3.0311450644878217,3.190454
2.95758973930556,3.1812468
1.2931427483295317,2.2027216
1.3480230323460156,2.005993
18.84744521351663,4.8321404
1.1668382266472364,1.8168205
7.035338293775514,4.638674
13.04402820053462,5.6772957
1.029269522089988,1.6979089
2.714576129631218,2.130238
18.616891639212994,5.677042
1.1679308380620554,2.118911
5.686840566941667,2.6551414
3.537106001942389,1.8228415
0.6872916694688935,1.8867644
4.708099035976795,2.2023783
1.1158566549272304,2.77045
1.8135363562581648,1.7786063
4.516572552735163,5.097914
3.5212548674329773,4.239497
0.6166633247204973,1.755712
3.290018508656212,3.0587516
2.482784146833458,2.2423272
1.4335856509622715,1.6890174
3.1404393534973414,1.9429455
12.422077714625058,5.6488156
2.42879880803576,2.0723472
1.5672337636275853,2.101616
1.8956774762764883,2.2075598
4.447596232708023,3.4257443
1.9073419116054675,1.583791
2.2532029484397884,2.464373
2.3739961700157064,3.000092
1.3615433484158848,1.7536396
1.2542236145368455,2.4874005
5.219694832104924,4.8177238
1.7327635185291377,2.076673
1.881036524601076,2.85222
1.9077388168654703,4.009338
4.116492786286305,2.4350395
2.1708636581852487,2.2150192
1.3282255838121189,2.1860275
23.42393572762761,7.219684
1.941206128248984,2.0827885
2.610538975222772,2.279502
1.934675562297412,2.005938
1.1214492797085072,2.5075493
3.01081011960047,2.2307649
2.090714719214925,2.1829286
0.8894644443959289,1.9278921
4.046671193561395,4.698211
0.5405912169933811,1.7961345
0.6939041582350836,1.8655242
2.7161104434182635,1.8017375
5.483004103096814,2.551381
2.755628409758619,1.8837091
1.2977609514428528,1.7790587
0.9765320219533288,2.3414211
1.2299070527232652,1.9975042
2.3435230685340462,2.2918475
2.9894542708623404,3.0201898
1.7205426345635693,4.1269326
4.108596102922109,3.223304
0.4392843741916589,1.6713722
1.5698544720898355,3.0350246
1.9243808277480148,3.0644126
4.391870138731086,2.231071
3.2313634346970703,1.9747928
23.984497305265847,22.41674
5.561460630593011,4.581426
7.987975558045497,2.0265965
3.389042880995293,2.283689
2.034752375303797,2.2801905
3.1368858944094784,4.804233
2.939887924769166,2.1413472
1.1722076193930464,1.7223939
30.610981693517655,31.206799
2.7267001479959667,2.3698328
0.6775664880484148,1.9614254
3.444071107026586,1.7019764
1.2727595268761749,2.6841397
2.111254572981692,2.3017833
5.445384183281145,4.0338054
2.084453118303405,2.2163715
2.589128283141386,2.005993
0.8440312165584624,1.6806672
2.3867408610571355,2.9465246
3.15049247702388,5.5349746
1.2430779626483108,1.7190092
0.4033588890458925,2.253488
1.1817888151002158,2.0056026
1.386272578675962,1.7390724
3.00036753482224,1.8027172
1.4819480518530814,2.3845072
11.695412366294043,2.345847
2.954594466203197,2.2958026
6.16888003749,2.11114
1.909772949066345,1.875044
2.595118653192645,4.692497
1.0561710463189544,2.2214177
1.6015193588987957,1.6801113
0.5842999565241055,1.5324591
2.17231671407765,3.9662154
3.483738441157168,2.253241
4.919588214847017,2.5550396
3.6096584561296967,4.7216973
1.3032003852388652,2.1170335
1.735169697831248,3.0189338
2.920736545885659,2.6718721
5.144832022647304,1.5397235
3.38824054896425,2.1761832
1.7292837680762352,3.828558
3.947595339813964,2.5676942
3.7289889264646505,2.7318764
3.246466580603194,2.1204195
1.3245432452287014,2.005993
1.4260158051455196,1.7363869
1.8955015379391824,2.6131067
0.8610335051939577,1.6416932
3.741080920672504,4.4688363
3.94789395109604,2.4634237
1.3614135506497058,2.1810088
2.058713770238085,2.5888596
3.0145716575649235,2.7764482
0.726642612468483,1.9941953
1.5347246714735776,1.9982404
2.2262186904291488,2.916665
19.7206284652447,11.948457
0.8057747430558473,2.2286258
1.878882709387984,2.1222973
6.659554398039064,3.8373296
1.4941290566894465,1.9631039
5.216602269455542,3.4428413
2.3356398515826857,2.0614634
0.3914086552402673,1.6117028
2.280640699261153,2.5150352
1.508391346067338,1.7109321
4.410755219885635,3.6534822
3.452015009860542,3.0411456
7.351836560059724,3.3051138
7.017052197344964,5.8568945
3.136700056029445,3.1898687
1.7721909658846844,1.6327022
0.8171088232171622,2.0848484
11.653869138327684,3.888018
8.255994900378514,7.152637
1.8948354692967035,1.8245798
3.0179049716802577,2.964119
1.7406416229221828,2.5442345
0.4236522217936098,1.6470011
0.4760940911454876,1.6669437
7.351568593234577,1.8649031
1.923773700244879,1.953366
3.4862740077867413,1.795508
1.7468049545694673,4.1242776
2.3865389827732115,1.6158365
3.8760283647778566,1.8176537
2.736505759941429,3.7407546
2.0069914029226097,2.557151
1.6084660223976548,1.7658942
2.969391141224776,2.2251945
0.7597260364580044,1.8906968
1.9714174882503337,4.3603473
3.2328973179155795,2.0926485
0.5186185150013355,1.7924286
1.229990456111347,1.7173901
2.5320355581584195,2.0037117
1.3388116232782443,1.8442855
4.260752573268034,2.1603024
2.924660937492608,5.286567
0.5806858916724391,2.02666
1.09736078896337,2.341932
2.367404477405194,2.0275774
1.98002184608606,1.7581445
2.666830973843933,1.7752866
1.474388688510786,2.458364
0.7569025731315195,2.115104
9.799176592058275,2.4499419
1.1887285555205749,2.7124262
2.516308044989668,3.2740264
0.8816685641414003,1.9617695
2.710026549791273,1.8638624
1.752705217684879,1.9543824
4.689573681678246,3.2209487
1.8974449551309212,2.4695785
4.816070585722792,2.6190758
3.373602220610929,2.2899265
4.608788361079808,3.6583886
3.0157463260859,5.1967845
1.5604170661579664,3.724063
7.148595618615737,2.1303666
0.848109306852543,1.9749707
19.22973611095269,2.7356849
3.8402984843262074,3.4243827
1.3525625479306558,1.7933732
1.3769784835739125,2.1381903
0.9904803436149892,2.237977
1.293960265174487,4.269819
2.675172007123418,1.8815821
1.6519519711648205,2.1520824
1.789982627850731,2.1310115
6.099411772773582,3.336876
1.851658174905244,3.1809564
5.348551159629837,3.269001
1.4670119302853302,2.49827
2.665994654857593,1.6291155
2.456851138297116,2.07095
5.309400297439526,2.7782342
3.996864425168453,2.9638455
1.2225366203347492,2.4724813
4.6391519317540215,4.835258
1.7082353897772935,2.2213025
3.987371631739286,4.599035
2.162428451702563,1.754504
2.521318596250197,2.528901
12.19487188378628,4.320032
1.2053244637414335,2.1764765
5.002611123743062,2.0459695
1.177437308858346,1.977693
0.1810552203483008,1.6216279
2.149518761508125,4.9250417
5.0526488128884495,2.4518847
0.8421303216876269,1.9954758
0.4969561672644857,1.9388263
2.969961089986514,1.8207394
2.1103741651146986,2.955248
1.244304423901006,1.6687741
1.1758769284716668,1.8047833
3.7542086681346287,4.5578523
1.2371559313778873,2.005993
3.602405565582182,3.4620914
0.9504965691545776,2.4556518
0.5753913935580219,2.026195
7.334231872587161,3.5055628
0.7734329835042563,2.1101942
1.7489010802950338,1.711914
1.6474788228760162,1.9319278
1.0701969592398,1.6694361
1.0937070485127336,2.4601712
2.666140083562726,1.9781717
2.5585815199307693,1.8529928
1.062458792625042,2.005993
1.688443124758868,2.5075936
2.073537810388482,3.3685098
1.6207910490840924,1.8228765
1.0255929521095035,3.7149045
1.5696286539994355,1.9630673
8.141210808974396,4.4765105
5.397658602770186,6.2328773
19.352207793009505,11.447322
2.461316318727889,4.637925
2.2944329229415388,2.0010557
0.7488463307222981,1.5617982
3.638418998082323,2.8030992
4.2327441003506,5.736145
10.95739477841908,3.3310723
2.323903164994824,2.246891
1.322352209510065,2.005993
4.839152987396538,4.451733
0.6497863608841714,1.9258085
2.3743722029461782,3.0666814
0.8583376537910183,1.6069721
3.167738012294641,2.4466848
1.1978000876990182,2.0959458
1.0096486527330435,1.9777085
0.7921814829888689,1.9489846
1.615072587665465,2.8727975
4.216828636327362,2.6483903
1.5334357764418076,3.0009847
1.5604993289808395,2.7495542
4.303617858400905,3.1003137
3.5596596754447227,2.686349
3.198492535419036,2.5770764
1.7273565515910456,3.6721375
8.294761906270837,5.247188
3.259290340371974,2.2271605
3.4036854771277936,2.0747566
0.8414549140122205,2.793264
2.601642326488779,1.8247255
0.4678214925725565,1.7938656
2.3460445308983013,1.9630567
4.917154561617127,4.2722507
4.3194159943323935,2.275022
5.461820435736879,2.005993
4.448155075314479,1.5056747
1.2057925491623878,2.2998762
1.7444120896498567,1.8275018
2.3587081024032432,1.7253006
1.2383350522958811,2.049046
5.399292721675133,3.8361905
2.2603156965358755,1.99697
1.0944930144010068,1.8771015
0.6720059089513943,2.4844103
3.453888411181188,3.5515223
0.7911955995964334,2.005993
1.2665997585554094,1.6902899
1.4330587771181174,4.039248
1.0221928655542056,2.0019972
1.7755081989508852,1.9960268
0.7852632113439106,2.9855905
2.766047534628884,2.3890853
1.3500757773714216,1.9329942
1.1197305403633218,2.3968396
0.8966037946489824,1.607324
4.02871924553872,2.6586826
1.860513607550972,1.8630478
1.402631884567503,2.0743861
1.072368032901276,1.9266596
4.635780174172275,2.0911555
2.0585903058635937,1.9730442
2.1048744028760598,3.2272227
2.2894408657178555,1.9180485
3.027348305260669,2.4233003
0.9724505990728554,2.1294575
4.754278420089047,2.8812242
1.5717510642875034,4.6498947
1.6322999615635836,1.5475647
2.782864492280414,2.8845181
0.4425345044427794,2.2559593
2.069558683513029,2.5968747
1.169285592773633,2.2134724
2.354550782834397,1.9893268
0.6081329861641867,1.7101824
2.742359555116749,2.6380246
1.362197992175611,1.8074812
1.9046721355634144,1.781485
10.88011158770556,7.1289115
1.6703981508500705,3.111088
5.033575815778186,1.9453796
1.044933225516994,1.654898
2.225652882650861,2.4330175
4.203529047744644,2.3999438
1.5674808917656584,2.3529744
3.5944741229152672,2.005993
1.2024549961522504,2.5283241
3.026559663005318,2.2759328
0.7172374412053605,1.8261718
2.428750734903938,2.005993
2.871282583086988,1.9461724
3.246926447257395,2.3503726
1.773693919045967,2.0381956
0.9842653017726872,1.7378854
1.7416645713268335,2.080517
0.7564108450975551,1.4972101
3.471759154357655,3.0008066
1.2024296500237823,1.7145848
2.581096179290804,1.6780773
3.963016759706778,3.359223
3.545868367900938,2.9117067
8.686121741556601,2.6543658
2.0371341316904714,2.0097313
7.032017952067744,5.366122
2.066882714868779,1.6644374
1.5726630243525328,1.9009393
2.430155552532245,2.7308955
1.7836525237659693,2.4146016
0.8715422968202937,3.6513634
9.93620087944321,5.8618817
0.5527953122948285,1.506008
1.783440880098616,2.0282733
4.176479891420065,4.6771684
1.1265708256257203,2.2050605
3.209517355889213,4.435732
2.225829974744615,2.2422466
29.156851860822268,17.544277
1.2043282785270435,1.7640412
1.1942378882644311,4.7952743
0.7036441327957589,2.4600668
7.463205444409208,3.6542864
4.071130473044963,1.7031771
1.0206095921191451,2.496328
1.236552020595383,3.346271
1.056870711427148,2.005993
3.8803792185206367,3.4539697
5.162244636060241,3.1232646
12.31393508024044,11.894406
2.132014122505959,2.2386694
9.8133361016428,6.9889927
1.454006544790213,1.5886296
16.062335425774442,12.377854
7.2606285381289055,3.3604722
0.6622119778701604,1.753511
3.27604347383836,2.6110516
3.4667940498836334,3.7581468
0.7804108433907682,2.1666758
6.95126290964782,2.2598984
0.9665159080594125,1.576073
7.790925404656955,4.6163015
0.6991149993950949,1.7731831
1.997138952911416,3.9575653
1.924317796053384,2.8177466
10.879920320259584,5.7704935
4.6413723683803365,2.7640815
0.8047046197390734,1.5803677
4.22398980506848,4.31255
2.5769744196444675,4.7023716
3.916720400153563,2.1830869
1.0433025217429757,1.5151902
34.64928110823613,25.815887
4.008885058298773,2.3926497
0.9932994662151692,1.4869874
0.5561575331256439,1.8649648
4.453766738645158,3.7831478
1.5860212532160598,2.0663779
0.447373201502676,1.4387977
1.1973344403134838,1.8552889
2.165183852415741,1.9500788
2.8134548332259,2.65476
0.8180371945478767,1.7894466
3.495597560883054,3.2830844
7.38737204573837,5.6975546
2.1842384636461203,2.0214002
5.802377808169707,4.2869506
1.4241189578381357,1.6984241
0.5018487987308773,1.3978288
1.0926946641121718,1.792819
1.9193076179024195,2.7502246
2.670985345938512,2.889651
2.933662170668017,4.244147
2.976449898386993,2.0508766
1.995369630743584,2.0989013
5.255396916095322,2.504005
1.6708476305585795,1.813184
2.684213269815591,2.1840792
2.7532776463104964,2.1194124
0.691478767591484,2.3050518
1.844809078892346,4.01871
4.899205075455157,5.0260377
2.273933881396352,1.8972453
2.2534187481699828,2.042282
3.519371664316472,3.372029
6.406301392963592,2.3680005
0.7722904294998584,2.2335534
2.3566315409991008,3.7365823
0.8493943970792373,1.8016866
1.716012160991575,2.4162426
1.917626586257212,3.2728672
1.2012970147400936,3.3636115
12.33143969470657,7.1902404
2.3980989151776195,2.080933
1.7735962135846344,1.8354353
2.5596020845321226,2.8583841
1.547569736272532,1.8589431
0.7844941463184402,2.175857
2.417587720537756,2.3432617
3.828011100855384,2.1074848
0.7153487150330188,1.6808338
1.0828815889410115,1.6055815
2.2931749689783123,2.3945317
0.9023117986906332,2.005993
0.5959882821425728,1.767603
1.9620317553904127,1.6907691
3.4122181652215056,4.295447
3.5820646152075533,1.7404678
0.4648210614217588,1.438893
3.783895327735741,2.9061534
7.038975744993415,3.5214033
4.456060989820042,2.778211
2.419273021563583,3.1667163
3.4279232257753587,2.1274486
0.7471303900720383,3.1678405
3.3186210002474104,2.3524954
2.462718062508778,2.4488735
0.6689375683773109,1.7765541
9.728960057319608,3.2748232
3.780354191336224,2.4177132
0.7368836988223788,2.3550687
1.3812927613586343,2.385923
2.04578854551498,1.9777627
2.4695477765342253,2.1855133
2.401680976303993,2.435189
0.6721275202885877,2.5919356
2.732504748190024,2.6372137
3.426358152346563,2.3421943
1.010373233301631,2.5987673
2.196971555094416,2.005993
1.1221545493627914,2.5469327
2.395009044775792,2.836268
3.1096280860809187,4.625634
1.0058508614459318,2.5773554
1.2645563764039,1.9751223
1.258044022669412,2.0182571
2.3033736677928904,2.162695
2.0499278680666557,1.7529434
1.722118936021192,2.2927904
0.5604996863604987,2.0430222
2.4020966582169514,2.8688006
0.6047668581061768,2.017327
0.7335969159316948,4.435224
2.174017680802152,2.027865
1.8640022394296896,2.9964752
1.9548367138286864,2.3355498
5.681183809418093,6.572315
4.939584437932101,4.842743
1.9714157454451264,2.2155628
1.366252237830912,1.4858855
3.3109329867424897,3.021611
0.6502884899598774,1.5002187
3.1115213042113585,4.3085837
7.720309905842873,2.8414433
1.904756786980081,3.486327
1.2151057431691212,1.7969688
2.565863335536906,2.0865195
1.6860307533933645,2.5774355
3.5201349922580585,4.0735974
4.13202597270685,3.8567228
9.919288550946614,5.384045
1.6365125388928363,3.747148
3.690820179668382,2.014484
1.1749596433720366,3.2155933
2.034899520827638,3.0968454
4.99074387327914,3.1377406
2.7395903802425168,4.6843004
1.9056483841504352,2.1528678
21.97728483818983,3.2246087
13.578039014761714,6.3849006
2.3059597012264086,3.5114496
0.3459895129539489,1.5442785
2.469890130686984,5.4176326
0.48591673533689,1.589803
4.012013716582292,5.5659695
0.864691859248236,2.17486
0.9956495921966926,2.2039971
1.7498156200428656,1.975175
0.9790929383277582,1.9724674
1.330621384065716,2.359176
2.318663203294029,2.4158278
0.7117098826759494,1.7686812
1.561374484871441,1.5221334
1.4870940801185382,1.941512
1.428207664443201,2.0256202
0.4323780132654677,1.781536
1.270552819821,1.6175827
1.339294401481831,2.7060661
9.063892285676388,7.7057557
3.718890589946388,3.78595
2.2020265217102883,2.0846143
1.9259140964584331,2.1774054
0.6094422535574653,1.5278023
1.9446549038024965,2.4056268
1.2978934649545653,1.4673474
2.5705292811899496,1.9571602
1.1840255642728024,2.6287494
2.321962390542332,1.9019244
1.313174009197238,4.3726816
1.382313892341116,2.1622076
0.5710003129368357,1.871815
1.930293609307478,3.1959643
1.2413682278220397,1.7249728
1.5846125669151048,2.0183892
8.620282305590402,1.9045058
1.970581649213624,3.4533746
0.7740831477424261,2.014692
1.9954503797783227,2.1649332
0.9789412981520116,2.0500526
1.4450502298263856,1.9933672
1.098017367576028,1.5399699
1.593824354274778,2.6191719
0.719396811351269,2.3914871
1.185477189447628,1.915119
1.4853822896929847,1.8504032
0.8439560866652078,1.5962977
0.9122374822429042,2.1720173
1.2940567968857724,2.4471557
2.0629363147743107,2.4643948
6.289462268621452,2.005993
1.3441242606091022,1.9809674
2.788359063978348,4.5896897
1.2181554241291452,2.014605
1.8145512421646557,2.6505828
1.3073821491959583,1.7535863
2.03048861115614,2.011199
2.606452469133507,2.4992268
3.347967940461567,2.0904949
2.581586254303318,2.005993
0.7945967658801361,1.6450754
0.9290611061695802,1.9138994
0.5338142637759131,1.8121866
0.6879979314389407,3.3089018
1.4430565345166264,2.0192647
0.7665680913166455,1.9403974
0.8121743180089849,2.0087993
4.993950827431224,2.8053908
1.9708996369003984,2.2805238
1.5516473201547845,1.9671404
2.635614289689009,3.4704328
5.129986950028292,4.3012586
1.6405437725722911,2.961597
5.12644803114551,2.005993
3.3784505663522726,2.9996903
1.34305005506456,3.316981
2.068727539632473,3.8226178
1.4916624468935742,2.3030186
2.005543108940136,3.5157166
1.224075011428845,1.9390401
2.1481653062018227,1.8073281
2.4340222800054256,3.1897192
4.454918013750358,3.251336
2.0843952853747205,2.590972
3.8838457557457655,3.7128825
1.2569867443663705,2.024759
2.418471725578532,1.9715781
1.718330595794627,2.4018948
36.73896012662192,30.630272
2.0503842954779072,2.920816
2.2396351971990978,1.6900265
1.179738056394159,1.9520115
2.0737391740127835,2.1349864
6.688306796157942,3.4328785
1.1689969705352186,1.9073015
1.4880316944563408,1.9917974
1.277169471262546,1.8885972
2.050767408125133,2.1497726
3.274559877785502,1.782899
12.221912748292835,9.416716
5.05223412168927,5.516997
2.05550061974562,2.4093394
13.372584145351896,4.853516
2.0622293185387166,2.4391053
1.009546908742778,1.5106188
0.9499286673074048,1.8585118
3.2039321443290336,2.964869
0.6136859612427878,1.9722139
0.8921285714005458,2.049062
1.236773532950728,2.0590389
0.7673827454847941,1.9392023
1.2569024519388372,1.9945335
1.415831745484923,1.8128347
1.6344327032964887,2.2181191
0.6718381098806341,1.912934
1.7121651314333994,2.1775813
0.9358090835444166,2.0167825
5.147849778797429,2.2270699
1.1572202214225262,1.692921
2.546897386294496,3.1313233
2.4279604378034745,2.4488473
1.6510503764540367,2.7221475
5.775964883971194,2.2522216
8.289096960573545,3.0824575
2.747498400480397,2.005993
1.0433797444542925,1.3578268
0.6548145732498039,1.7014073
1.7310211357794838,1.8798451
0.7056729880206041,1.6875014
1.3168942108508035,2.328517
1.5229428967695708,1.9977314
1.9717295309309404,2.593398
3.840526138357236,2.43633
2.586623725622551,2.0606875
2.807086117266936,2.2478366
13.100662944443606,4.409573
5.77951476541864,2.9938426
1.4104135580191306,2.5835323
1.816675626462125,2.0848398
3.3238689020135315,3.6325824
1.3011804938295646,1.8574151
0.7213943756077759,1.9736123
4.652775028089054,3.019423
2.0608148317577437,1.6403139
1.5348532673209605,2.2394595
2.432600307085877,2.0725095
1.0129415280858105,2.3088317
2.95338574034703,1.863489
0.9990303521984932,2.6204677
8.402121691766018,5.770304
0.8459111942185171,2.0589757
2.5831181464223176,1.7422658
4.497957950646235,4.194956
4.425338852517124,2.0970001
1.1025365886533691,1.885743
0.8309616273166656,1.4806751
3.353510269435498,2.272578
13.886592355864709,6.270678
1.5537002891433225,3.2241623
4.310898098697164,5.9088397
0.2485266360246447,1.9672371
1.730185997451302,2.5226622
2.350437043741498,2.4644442
2.4909227390636257,1.793585
2.966013236980575,2.054747
1.2887035844592425,1.9746552
3.558103553568004,4.1081347
2.974080400114136,2.3111076
0.8780893775763976,1.8412721
3.257091943315132,2.3442972
1.072936582243993,2.2699656
2.4158074894110637,3.2101471
5.76350790908642,2.941131
2.828061235687369,1.9640745
1.327004187387096,1.8802594
2.469981409520364,1.8703846
1.2497725287543506,2.4965487
1.5282018665524897,1.890126
3.3711234436059976,1.6171418
1.7246443008824384,2.9853024
1.8042993539276857,2.1211388
1.1781501305739486,2.0707076
2.1501763787632573,2.5555844
2.1749938278955554,4.8201876
6.731611712577048,2.3139942
3.454121779143679,2.1759362
5.610962671816818,4.3534913
0.933273521091855,1.7334023
5.991268076563556,4.612788
3.186286721705605,2.065806
1.4211984037412615,1.9642671
1.2695813824187847,1.3826026
1.2298256237784295,2.03076
1.3276507312878278,3.1168864
10.806102910936424,5.5912447
1.6888103188471804,2.4278595
0.7391991403652965,2.8113756
1.0850559086989855,1.411387
3.0237584985365844,2.0865378
1.9071181531438897,1.5350342
2.8079555718691167,2.8933172
0.755547424168272,1.5280223
5.353149750639801,2.005993
1.0530710549775877,2.005993
3.416836024923652,1.9305067
0.9107576204662384,2.9857612
0.3335190487668959,1.6185964
8.145078327452879,2.0112603
3.4610726884267837,2.3333485
1.5675705166002616,1.5066755
1.989802323274099,2.1463947
3.011366856384927,1.9896818
2.4689767899406743,1.8350018
1.0207302362078636,2.005993
0.4371999879381367,2.005993
0.9219462499826688,1.9467051
1.89650489518667,2.1278605
2.472899122888977,2.3338847
0.6563244093922631,1.8057882
0.5096215155876325,1.3353034
2.410919811590894,2.749872
4.220738962609346,2.8687685
3.6852758743965497,2.1085613
1.1123143996937772,1.7922181
0.9319032503987292,2.675521
1.831186016928802,1.8286684
2.1276580948514736,2.2776175
5.981233443777867,3.025021
0.9976351518894236,3.4280503
1.6331643423562547,2.2765312
3.234712561512311,2.338323
1.9611369871856172,2.005993
1.5909299900885063,1.5106713
5.015409344106307,2.6860647
5.277962568281963,4.770194
3.3961643368397745,1.6484783
1.2709217811106703,2.665817
1.2952869050828355,2.1803465
2.2413254846706416,2.9651282
0.7326471060706945,1.9416667
1.6951570250704986,1.8854142
1.4011678737123328,3.3769476
4.535276234201726,4.142822
1.6327214481072156,2.979623
0.910802277342137,2.103931
1.3601714052294862,2.266644
0.8564111631175515,1.8523959
1.5136111380238746,1.7695018
2.85216704946458,7.8896694
4.770963812859088,2.3677273
1.1592312095396324,1.8524976
1.9944458959224356,2.3464847
2.522125163065457,2.4059386
1.8512381766195305,1.9201031
10.26838608888284,3.212994
0.9161147303421628,2.5513103
1.670693835650208,1.6317673
4.480743323255373,5.7853923
1.384598044657913,1.9257344
1.5276441268426302,2.6304283
0.6625133779007552,2.387784
3.3715304458312434,2.7517118
1.99101769847206,1.7725492
0.9323169506757972,1.9513324
2.317019470002181,2.6118102
3.0314055060823377,2.7237353
1.9353002237080728,1.7056943
1.1525546839007212,1.6974458
2.488148605735706,3.393166
3.321511258628716,2.4439824
3.0070861476335637,1.9220011
0.524457012820583,1.8223249
11.640928959681125,6.902688
1.0703865726081805,3.2806845
3.925312441559311,4.16474
2.319543941998975,2.0326838
1.7624447312404024,4.6932087
6.998809552015905,3.5850003
1.2864560948403414,2.936139
1.6723540284008196,2.7148738
3.3407112798439726,3.0426698
7.475999196973659,6.2298565
1.7230625151364292,2.1631598
1.3168395037083849,1.6115464
0.686046774410622,2.2034168
1.9982736392547524,2.0660934
2.884108328614189,3.1278315
5.256275618909392,6.771697
9.067545403833408,6.6185207
1.2464301818068184,1.6619909
1.5194992781707062,2.56115
1.124913378043808,3.3616643
0.9747124523824848,3.8874097
13.30272855253451,10.000038
2.8671041626657665,3.8260536
0.5542699806746876,1.384811
4.40790859145187,2.3435674
3.1727805400369093,5.275721
12.923910887391084,7.8820124
5.141608972165383,3.2912378
4.247077075076421,2.1391792
1.1153333886480905,3.9878879
1.84861900259656,2.412197
3.8939863065374096,3.9387221
2.757674705888242,1.9828967
0.4223627590748809,2.005993
2.3311695104575607,1.9840958
1.7626327544496885,1.6614109
3.5372605166089315,1.511752
0.3992087376184716,2.146868
1.894356496975484,2.608818
8.206999507328153,5.7115164
0.607553649375836,2.005993
8.362063577095054,5.496755
1.3296197559001346,1.8381786
0.9540821094150044,1.665018
0.3664387679184128,1.9962955
1.1346571279952735,1.3697687
0.5554847884673204,1.4986924
0.8999361528874318,2.1524243
4.527532256894848,5.602693
1.454439545189799,3.5056498
4.116355436570137,1.9297931
6.038920579103312,2.5210965
2.569410266398314,2.1353796
1.8251174977455171,2.788601
3.9426879717808423,2.2305899
2.3246394296784225,2.906135
2.6729676291064792,2.5446107
2.236394604546698,2.896119
2.110771783873721,2.432119
0.7461593170189575,4.9356704
1.1552782446745615,2.9253938
1.1196275324856193,1.8574634
23.968955174208038,5.5189624
8.058104015087343,5.3732996
1.2081887548894552,2.2345629
0.6923985987522563,1.7356995
2.160669937796941,2.0141788
1.1728641289180612,2.2464871
2.860913955325755,2.7586176
11.391455177203008,6.1053
2.2040281562840995,2.1835053
3.152764340401068,1.7010547
2.670652836375411,7.1381145
4.516418310773385,2.485478
5.631823637721743,2.2419393
1.915114144281148,2.5699244
3.0710204857056707,3.2163234
0.8034954604834768,2.005993
1.6771463676818787,1.7057276
0.9981967939616128,2.1597843
1.4913328962840828,1.7710987
1.7878441411559,1.9683565
1.8020442187245675,2.1260605
2.124015394571816,2.5337615
0.4088031619488672,1.6215636
0.6112128297689461,2.005993
0.9232931905361432,1.636038
1.5694021433381136,1.6539274
2.0083828134950474,2.598123
4.979724785802322,2.322587
1.6644776177729788,2.0847836
1.445319048690339,4.275451
3.337601540484417,3.5508845
1.311743754408531,2.2675521
0.8992534550612762,1.5074352
0.8359776173830151,2.7159877
2.1360867549527303,1.7599698
2.449851651297976,2.187221
0.8091973463088235,2.3024287
1.2882047132526009,2.0243938
1.6787734749626104,3.21286
1.4268903228094685,1.7079364
0.8064076057035133,2.2248116
1.5961989423645582,1.9598156
1.4733952996264583,2.4515865
0.9733787645439458,2.4633102
4.345221675695797,4.851103
2.70717382213065,2.0629153
2.240077846254019,2.2888682
3.63069960311241,3.8944383
1.6094926381860677,3.1454692
2.5930401524574043,2.2467952
1.916278357652907,2.4324512
0.72336584547972,1.6594883
1.7516585382096508,2.38183
1.7157266938429925,3.3874435
2.868075072303476,2.402388
0.7864780512777066,1.643976
1.004557850955242,1.9722548
2.517483483846723,2.005993
2.289995550129881,1.9981073
3.1791580951549303,2.5028887
0.4375012430964276,1.5912172
1.1508630619421274,3.2135293
2.437025358836454,3.1142812
0.7644979959577881,2.8455439
3.1972091035601657,2.4043834
215.1316065822569,225.17665
2.460860862039925,3.0772557
0.9381405691933592,2.0710452
1.4435533670695866,1.9775496
1.9591967017683516,2.492146
4.597814405901914,2.406082
1.0532317294090665,1.8053178
0.7437176872959421,1.4873186
1.630374232271599,1.8457073
2.4877445866560075,4.299354
1.456784523667629,2.0182645
16.02860026099046,7.7977867
1.6500206336202576,1.935984
2.276191854118135,3.5909863
1.3660038596307496,2.2392159
8.424543353574158,4.0860033
2.3809124902250294,1.8966663
1.6038518793690604,1.6879233
2.7167046562079835,2.1409445
1.5155514194394737,2.6993885
1.289309816875687,1.9625137
2.909214658276226,2.0473175
1.0312154492893253,1.9741393
4.1495820422077685,2.0990016
14.164657701179266,6.4342523
1.5280131480198569,1.7625442
1.1208541580509426,1.9589559
1.654103208691356,1.7487613
4.448518146178554,4.146133
0.6018772602661924,1.7850425
2.125891698035317,2.348222
1.6229245694865275,1.6798235
3.0381999486308597,3.0720072
1.9708282865299205,1.9808365
0.9502020422513606,1.6818999
2.490158384378492,1.9434549
2.818438617937079,2.875496
0.7684928630454286,1.5829958
1.3565735385770696,2.0250225
2.222638354402378,2.6848307
5.199912296588668,6.0220356
0.6830133847042384,1.8821635
1.297282719099225,2.2211719
1.8747726455370204,1.4813579
0.7315978824843422,2.005993
1.4736822188328456,3.0474825
1.7610026924777142,1.819153
2.6021066504822383,1.7573966
5.400553252012104,2.571714
1.192260529904752,1.9569651
1.9935331485735657,3.2731085
2.468884457782466,2.5640054
1.1882081974673593,1.7531741
7.247740732056711,7.039223
1.178120348789415,1.8068477
1.2662307999378537,1.7705002
2.581145066752006,1.9847726
2.7908353903432968,1.8735968
0.7721510244635423,1.7688619
1.4108999155035176,3.7660756
1.988024718169573,1.8663317
2.7741929711548887,2.552329
1.0638983148292818,1.7093871
2.3859834646422904,2.9941955
1.89350091557677,2.2990375
2.693331966268256,2.2148848
1.720755327934957,2.6642225
3.006864091823528,2.5688148
2.5115193890124825,2.4494238
3.343979342649644,2.4557486
3.245124203654966,1.8723942
0.9925327034252108,2.2448778
4.517104879525762,2.4561448
1.328178408761168,2.621807
0.697479477943669,1.5089079
2.0210137919120434,2.5961285
0.989982091772073,2.960808
3.47974862257219,4.3901844
2.0807685044762145,2.0056875
1.4109002724568898,1.6841273
6.723564338916694,5.6525855
0.9492891350841872,1.9301888
2.179976587594992,2.5246832
0.7785090843248003,3.2146
3.686265567887826,1.6585354
1.4572374620925743,1.6603354
3.286142066281127,1.6691587
2.972930103577984,2.1671548
4.713014286419916,1.8438252
0.8808208947172662,2.0068462
1.06460712224672,2.7544093
3.053743342667417,3.6210465
2.340553416058269,3.0115356
3.1612292885925903,2.6584184
1.6230312532876248,2.3506212
2.094269040286562,1.8216823
5.49879925987121,3.0571785
3.290542387351065,2.186057
11.0536635037238,5.5111213
0.5657569763797865,2.1714568
1.2146219236920548,2.194983
1.650211440965638,1.9227723
4.656121830977498,3.3895335
2.408406329477831,2.063659
2.6524522144736444,3.5752892
2.862493695210913,3.9377384
3.485718519190776,1.997334
1.1395475822234211,1.475537
1.925428806648088,1.7679621
1.455980125147914,3.1317372
3.823712957589472,2.0893931
7.148607336718017,3.104193
11.215147060056054,7.1314344
14.036028780688794,5.1354747
3.050000687649805,1.5649072
1.5068566508739332,1.8183327
2.362156982149399,2.0693104
5.124438712414679,3.4324338
1.5350655495688506,1.9502419
3.7073602513595114,3.304728
1.336925629226062,2.8316298
1.095649702585555,1.6492101
1.0146606231222175,1.8673892
4.244565818736698,5.8054786
0.8202360642381282,1.9935471
2.273266388777144,2.005993
0.9658114610821814,2.1483927
1.9243307553459452,2.0288959
2.810864624964237,2.0477638
1.4522511472624742,1.8409551
2.481340782201542,1.9211116
0.8199376828341867,2.3479674
5.719525800138629,3.7968884
5.096689517025488,4.4606795
1.5276684624626164,2.2026327
2.350355551397358,3.8629062
1.9515956151830864,1.9804667
2.822494029643879,1.9243459
2.779884822532296,2.0724068
0.8693243542459874,1.9926358
3.313954626340217,2.65565
9.416877274055231,1.5715268
1.7382750560252718,2.5845692
0.9660573740344156,1.5486364
1.3295176624611242,2.132153
4.108991950835307,4.210381
1.4965693419615824,2.8588576
0.9568824101001082,1.7872615
2.99612107025911,1.7126853
0.7057631062638651,2.9761636
1.834655508525453,2.6380749
0.7906082259826859,1.7822448
8.55259736388567,6.1958485
3.0177380077049687,3.5603256
1.9197013588156504,2.7189999
1.0688958513060376,1.5590215
0.6092442375853233,1.4237047
0.9063468059855732,1.8526338
1.412220153657994,1.7684416
3.0815655231218875,2.8229225
4.357481347263381,2.2090392
0.4376590901040098,1.5941733
2.2414929237686465,3.2300358
0.3667479918937715,1.8381877
0.5696460323665524,3.2467446
2.2822099800876696,2.0849328
0.7174961957593056,1.7340165
2.392327717152468,3.0512664
0.579000702821551,2.3836904
0.8032194199999418,2.0053697
1.3112306778093976,1.822702
2.7448634025845773,3.9790332
9.625843547110094,2.077857
1.3455009156152782,2.0317583
2.8933612794918435,1.8819044
1.0496223183809663,2.0984168
2.172057315746309,2.6437747
1.5955994254733803,3.6828113
2.1220026410597943,1.8782918
1.6167889317349715,2.014111
0.539194419745232,2.061887
0.3890796381498718,2.1097085
1.0586867178270851,1.7042469
3.2917448329164265,2.2308154
2.5242246251110863,2.224165
0.5891495835571732,1.9101688
2.1525300081011483,3.1722107
1.8319292228485435,3.610604
0.8042010688789867,2.4088688
2.4410786700766725,3.5933714
0.8848029975175582,2.1320362
0.3592816836576578,2.490344
0.8839194730940929,2.3846705
1.6064954964431144,1.7658943
2.330446732884388,2.955164
1.8558401800318387,3.7082608
1.8599376110395396,1.535606
3.238456153757393,3.0892196
4.2887872535922895,2.0565143
2.2939289566837866,2.5894885
0.7166952086689189,2.8363776
13.81036854877711,6.0382333
3.5221704973816927,2.5515652
9.776956576363954,10.138658
2.2570705710818304,2.480498
0.6655033388298329,2.181232
2.4715344140277486,2.088316
2.566452712131971,5.5348706
0.7576933524259771,1.9958874
2.8874398069476843,3.0829701
2.3050938956130143,1.6001153
0.8971609266908263,1.6805086
0.8070127990798376,1.8949573
1.6720358090303178,1.6780005
5.693673892316873,5.601294
2.14724586530194,2.1932268
2.3939347310767767,3.3441222
0.8045328645635327,2.0451488
1.9562126340327024,2.1913567
14.87628358752466,5.628775
1.3478904108283487,2.7892222
1.6183099839459445,1.9136462
1.377729951368707,3.3663306
5.452231032776545,3.6168406
1.7972581643146013,2.8520923
5.225492461152726,6.409906
7.064678612090487,2.899998
0.6699611954665844,2.0600991
1.4432972051355324,1.9113923
3.566262766007048,4.8426976
1.4051599787628186,1.9244893
0.3055005736785721,3.121759
1.0241853644113652,1.7022421
1.9006072644059169,1.8935355
0.5915629920934347,2.9765296
0.9605278248568012,1.5416778
1.7495459718986557,1.9384559
2.942249180219027,3.049458
1.6262436519664505,2.0047884
0.6228007265837214,2.2630208
1.2720964380554345,1.8234371
1.8076944566891764,2.5720844
1.450853658266691,2.6447272
6.8686308852270335,2.4629188
8.660046119481667,5.1822896
4.933608008632746,1.82977
4.501201980362032,3.9516408
2.224078857821835,2.2501087
1.571173761567612,2.621426
0.8912940755737009,1.5754508
1.9034148091217136,2.5072358
4.453996682907513,1.8047467
2.662521439051262,3.1717067
0.8616383703895307,2.8451316
3.4239718352147643,1.823014
1.821210692764537,2.1263256
1.768989113056286,1.8931736
2.4324798569730275,3.9638186
1.194584174802904,2.9921565
1.3191544274697455,2.6556578
2.5853510717049657,2.071115
1.879984279872261,2.0816407
1.6463492997807192,1.8935832
0.8625547360670095,2.005993
2.0724103007774666,1.6339097
2.91764574771946,1.9873213
2.8115393278399914,2.5711896
0.8637648739149703,1.9815184
0.984968335221005,4.319121
1.538892616524449,2.3362184
1.251425855267566,1.7375252
1.2824530835095,2.0239005
7.820221177756013,4.4192677
1.901793962514688,1.6207234
1.091377810611775,2.4710658
5.184920430574913,2.366785
2.0862455493894494,1.9932076
1.7359615322466484,2.5461898
1.789524919682064,1.5826207
1.5440549029426394,3.079846
1.0702524865735326,1.8939713
3.4030796142501734,5.4772887
1.5266108270990746,1.5974206
1.021092416000889,1.9879861
3.446248597425525,2.0906909
0.6758400697723286,1.5670099
2.222722940427446,2.0142772
4.903281676262632,4.6738434
5.104522310014454,2.8165622
1.9820701886863068,1.7028681
0.7648305691270806,1.5243615
1.557019402609759,2.7481046
2.2502109372583714,1.6383265
2.2403584595346127,1.6473885
4.355278822463742,6.6731834
1.894296139450625,1.7519509
10.49699540535392,6.967607
0.909983516560426,2.005993
0.5200260190221155,1.7984442
4.462775260264698,2.801505
5.988466670129436,3.943133
1.763652228257519,1.8574573
2.242944373426752,3.6951857
0.8656469846194899,4.7249823
3.543007459940359,2.2863622
1.58369836405041,1.6839935
0.5034445923410158,1.7471315
3.631676457417876,4.5127616
1.5965982593775774,1.7140743
2.164344663069103,2.1611235
0.4946957409456904,1.8724321
2.1193127454035725,2.5654774
2.4587833468648475,2.9682384
18.961669245788137,9.819117
0.9781200043407066,2.0956202
9.71611468783121,3.3175511
1.0031246048598872,2.1307564
1.4688918499688477,1.9322757
4.369934160068013,3.7600443
1.3157655365774528,3.5108202
0.6112482021458463,1.6918186
1.6060195863547742,2.3025272
1.0665178585306363,1.9735283
1.1738612784355815,2.4674783
2.59469655297864,2.0859168
1.507679015891406,2.005993
1.6914707762482504,1.6705338
2.3286402389198786,2.4782772
1.635491641847857,3.6432514
2.784989282173086,1.5526351
2.529160885015652,4.727509
3.3382132286367634,1.9833418
1.9741462802694447,2.020774
3.955714511877048,2.9934268
0.9244043691843532,2.3660421
0.9653140053769088,2.9631064
1.4245956490861933,1.9866314
0.5758915990587836,3.036512
2.275216611099569,2.2163208
0.8901003078616228,1.9749428
1.2154514379798742,1.9254373
6.366114071660919,3.2500348
2.3123404747694027,2.1704283
0.6895687621433373,1.6425494
1.337540174822889,1.7171646
1.6167982203439062,2.1723557
6.6702933511435205,1.9881297
0.6928267833579983,2.257747
3.7185188400475058,2.7076387
2.341288564335027,2.3804626
1.2992496916269594,2.6022277
1.3312953095265827,1.5450041
1.7632974638693495,1.8646127
23.810520716641854,9.24661
2.5321621152716585,2.2998378
0.4324860206247226,1.6136992
3.4619726290471267,4.2653832
0.792107968744526,2.0486314
1.0826532486157447,2.7956264
1.0066107688658903,3.0918949
2.0949032650763684,1.6716019
3.1220548848996863,1.993199
0.769907577571229,2.0560334
1.852352410407492,2.4526296
3.1568435101793137,2.7419472
2.347954853511708,2.2093215
5.971709447971693,2.7984953
2.331280037424325,1.9812657
9.158631572104827,4.263211
1.8690641115988584,1.9906915
2.5577405885457623,2.6606894
4.969051605863983,2.1246138
2.511809165945128,2.3054605
0.7291170323738808,1.7601938
1.6950879046171876,2.569543
4.963051172717204,6.729407
2.086791093215758,1.849487
1.6419669558925118,3.3808398
1.028109064120632,1.5591415
1.3300417830678506,1.4491249
6.624142599704396,3.1183515
0.7418144460098984,1.7208217
2.162672131224227,2.5186205
1.8343301625238493,3.3361301
2.9304906102769666,1.9076177
4.223894517926837,2.9520283
1.0477857946746865,1.9884384
1.0692100622680332,1.8999311
2.7131035483282475,2.7306933
1.5014433013663837,2.9109955
2.9441019338531773,2.005993
0.7686158038375629,2.1747403
1.812596690338149,1.7380763
1.63273017415281,1.6422218
1.676103368991876,1.6716424
1.189295358971114,1.6276618
1.3978715745138282,1.9389582
3.7583568366372297,2.1787755
2.724431707623646,2.73211
1.5853780893177625,2.005993
7.212434283018421,3.6471086
1.2308359194190728,3.3596997
1.7802793069098275,2.1614046
2.17423360710286,2.7261548
5.721774993094947,2.5504527
0.9493341066139356,2.4065797
0.742954935489162,2.3778672
0.9563696883995754,2.5476675
2.225038686290086,1.7538292
2.8719857881245137,2.2394795
2.017457642886073,1.4673413
1.1991984037089336,2.323622
1.885176036089308,2.3385012
11.055591927268273,3.6860971
2.385656032470357,2.3371038
2.7795055010557213,2.5394454
1.2488353162593078,2.3502188
2.236081128290928,2.249516
0.8094635247094661,1.5099083
7.703150418813513,3.1407328
1.1438238499029114,3.8852584
1.0755775218150434,1.8420913
0.6021358510712299,1.9696866
1.7218490120376522,3.358503
1.5249874098868377,2.073035
0.969318325695083,2.5226574
1.15918710379418,2.005993
0.54900366729285,1.8439993
5.501328377852888,2.7659414
0.6660163481514267,2.0958197
0.5053788568457538,2.005993
6.678830734970222,1.9759676
1.6581456930700498,1.8784026
0.7803242415451518,1.7183009
1.6351149237803675,2.5526278
1.603041483995295,5.074286
1.3638720475539712,2.200616
1.893979996841967,2.273603
3.4774137247320245,3.0884552
1.7740256206894438,2.1433759
2.715783200166605,1.9904237
0.6821365170468339,2.9231567
2.1809973373188285,3.2618303
2.458606378271749,2.4833205
5.087531102104157,2.5115502
2.851831619768526,3.2412229
10.86833092947148,5.7945104
0.8610503851273306,1.8745953
1.0005087131341304,2.6564012
3.405187051880181,1.8952206
1.3269712970335927,1.7654355
10.151237188578047,7.7522774
2.870806731741681,2.6141634
1.1049888384230382,1.6278763
1.641554646198076,2.070369
0.7301721548749194,1.8937231
3.6808425076030655,4.91121
13.603830739754724,6.819016
2.038748601761025,2.4715624
2.641570452266476,2.3105454
2.578106106710809,2.2863147
2.748450711834154,3.790356
12.313046047626468,8.56147
1.8946826607807248,2.1128342
6.099227380907744,2.2459342
1.1981236084046825,1.7961144
8.78449967181773,5.811146
2.153786642418989,2.5141697
7.495133959740734,4.2713175
0.3937207916146507,2.4991155
2.444765534296783,2.4638457
0.6521535328863453,1.6347919
4.870398256777229,3.8254604
1.5415206746706087,1.9415357
4.214286969747741,7.903936
1.334490754990499,2.1152189
2.816988631921507,1.8482848
2.1884802639835024,1.848066
1.8385410872536536,1.856679
2.4984676106208994,2.0689526
3.5330773700107603,2.7648616
1.663984134634941,3.250613
2.510830696347352,2.992352
4.594486977950785,6.5393214
2.446648326815428,1.7325932
0.5016438212646909,1.7331401
1.7735804064365486,2.1295924
3.0712731832666065,2.0755646
7.6315549467686115,2.644525
12.08117809701609,7.5820646
1.4056342883977644,2.3795288
2.3150123736119914,2.4765072
4.884707863005326,3.0280755
0.8866458184910297,1.4736643
2.9785538195080545,3.3390555
5.855900426383172,6.9448094
4.796460898682244,3.892828
3.1181055888617824,2.005993
1.4813407480719083,3.9684608
7.523066493559401,2.2311273
2.446633397584068,3.0747786
3.042398925062965,3.1559417
2.6342221733162634,1.894801
1.0859710537010572,2.3561707
3.121110823223562,2.8237014
1.781273419364878,1.429853
4.729120462732989,2.991106
2.834774886075898,3.8988519
2.203973807933079,1.9701171
3.5663079148715724,2.8515148
8.206179679532578,4.034166
2.7060843399316994,2.7880676
1.3448364922624805,1.9067718
1.3706115325453228,1.9278182
12.532237441121126,5.969232
1.7620183345152154,1.92847
0.7919052993179511,2.558376
1.1439465140906877,2.005993
2.429529662000112,1.7021505
0.828917892142068,1.405736
5.627568336899378,3.3242064
2.5108812593537984,2.6577153
8.508582924034021,5.140672
1.0769265147683216,1.9286085
2.0892256079586096,2.4114811
0.699582681906035,1.7312309
1.9913977808179475,2.4775758
1.7138025521883646,1.8610834
1.4623423713899613,1.8298236
0.5615681253340141,2.7898502
0.9405653890971242,2.7025177
5.393178030805059,6.37618
3.391107260344511,2.4972615
3.060559019228025,2.2307432
0.9940346960032064,1.9195855
1.5698558999584282,1.9615921
1.2326016685699894,1.9917538
1.716276548957555,2.171765
2.148952303974367,1.6750387
2.0201862015577534,1.8802968
2.868266395812974,2.092339
4.652517780898773,2.7946177
5.983386407932404,4.1257334
0.2606175971487706,2.0058696
1.5368010756743755,2.8502054
3.846529072411884,3.6573038
3.548830505847619,3.113798
1.340620761103269,2.8139129
0.5590586072940755,2.0946918
3.0582296208852786,2.1221905
3.4388317904874928,2.0548058
7.365820891784157,6.0205374
1.0069055980896593,1.8287978
3.821642255200224,4.398886
1.4096826726536231,2.641468
4.725540818966424,4.9740186
0.5188357624677004,1.9229045
0.8615648516794255,1.7343371
0.5789743617701395,1.8983878
2.18849835191431,1.8876158
2.039896557584137,2.0697923
1.981871657684468,1.9688402
3.834721536199134,4.6530914
0.6785166602540024,2.983738
6.093550395723855,4.0776763
2.4119972434464656,1.9689255
1.7265187430066242,2.375998
0.7659245713087462,2.1494393
1.252971080217925,2.5650887
1.573156167743725,2.1813266
1.1293389411123838,1.8515453
2.131380194245768,3.0171545
3.1086928693059708,1.8045418
0.4598836738502325,1.573963
1.374356936738687,1.8881339
0.7547788056567266,3.9891984
2.715306788397966,3.0094297
22.579242053729008,10.02011
0.7011205666565115,2.1509678
0.9955757807190998,1.6280018
1.380357563548382,1.7913005
0.7119665486711853,2.0101767
1.721307678564444,3.8404303
7.054296904308852,4.558208
7.271574114570372,4.23583
1.172805592709965,3.4316187
3.9843431334081423,5.816206
2.960106159894118,2.2787545
1.7039973847907917,2.7856364
1.1754267154824276,2.5024614
2.8000031139411656,2.1066298
1.8145588438381348,1.7165449
1.7581213572008818,1.6706113
1.6518155182338303,1.5308342
4.830170774446083,4.1986914
7.136332096596356,3.5484767
4.914387883660104,1.9594618
0.4580420517659951,1.5273408
3.2500733551654517,2.6170306
3.944961708938113,5.0148644
0.4820164810116302,3.4610498
0.9347164540942738,1.7355267
3.5940624514008306,1.8147974
9.381746144762118,3.0596871
7.062738469125876,5.6278186
3.315910073062569,2.645063
4.133211446384031,2.0338438
0.878727296533764,1.8185567
4.805451940513007,2.6384678
0.6830746082413512,2.5597625
1.6654930061294284,3.1458893
0.9834238536910672,2.0215175
3.9737896575290623,4.4392133
0.7264388163061104,1.6629895
2.771393953660881,2.9757743
5.798493300808827,3.3621178
2.8242050582879568,2.2240424
2.3002308829423064,2.45069
2.576700282905397,2.4049244
4.097353251190427,2.5229375
1.351120858500383,2.0283403
2.4167195728610835,2.322122
5.066422629686752,2.9094849
2.3625939652554626,3.022428
0.6111761433534961,2.0107028
18.75315138180249,12.25526
1.4602843838053388,1.83537
3.105120487924559,2.318149
5.1149999518465545,3.3132048
6.8656153885044375,2.3764646
2.9403643293655373,3.0146325
4.553401702757832,3.9900382
4.895448912042246,2.99927
0.9301532168009716,3.1460793
5.347940663864593,4.076321
4.36896931390599,2.8361855
1.5960281971317811,2.4643242
3.836116716177452,2.8363557
5.113456839112313,3.1273484
1.8827459220655407,1.9336421
3.527223183185205,2.3617623
1.4072351815232174,2.0382986
3.04194499005688,1.9568886
3.7472004981015887,2.005993
2.0934986513294254,2.283548
1.3171360761366724,2.2394052
5.965257958564493,3.371889
1.2221340157324936,1.985587
1.7930142377150262,2.3045645
1.6638103207027293,2.9024308
0.7950296103155714,2.1605086
12.311703627842256,5.083067
1.4386244570098208,1.5995833
0.7880093151321401,1.8886939
1.6650488960245222,2.1001217
1.5895407216941972,2.1326818
3.8123556989978176,3.1047773
1.7692679702483556,2.3606553
0.9575707508503576,1.8160337
1.9463902335794556,1.5737033
1.7917172636410392,2.5036745
0.9115077212881876,1.9770206
4.880946850105692,4.3199854
1.5807730338768224,2.4249053
1.198332017731667,2.1134212
3.042358446059445,2.8118556
2.4831659524548666,2.6996505
0.9546552581562936,2.25585
2.170622307500196,1.6079694
8.834919337761203,4.3398204
8.999253355705234,5.1490746
2.330587308159432,3.535573
2.0659934051031823,2.0172973
1.5187007150485128,2.435296
5.493602472923994,4.6974587
1.299878173529839,1.598317
2.084417815183235,2.6119208
1.9793016704247743,2.6021545
3.2740466608922034,2.8415427
1.991581815230249,2.3000388
0.958426098836186,1.618808
0.986844730114901,2.390972
1.2088908503546154,1.8834928
2.7238340824295757,5.89546
5.8243579537978585,5.806785
7.580326918780007,4.090841
2.056169242801724,3.053805
3.155057979041409,2.939438
0.788575081928715,1.6324869
0.8297956260887625,1.7300844
1.258610103083814,2.053835
1.710928465161094,1.8107117
3.4240733715449,2.2158577
1.4028166819607282,2.6307755
1.6265079533307798,2.638291
0.9475649938944808,2.003528
1.085449132008828,4.694015
3.6430092258039046,2.0844061
2.5632908712485944,1.760469
1.7943334662489332,3.404327
2.1147896656468017,2.0341496
4.041202885337482,2.5325012
2.2346944589131224,2.266504
2.2846535332093936,4.1997256
2.4294983954109317,3.5155373
2.497621088078959,2.5573068
0.7460632629096036,1.6219317
0.8082615711808947,2.4719646
3.2679736336858496,2.7738242
2.146029570631207,1.9829485
2.412530288399731,2.0152729
4.213973372965005,2.7850049
1.4647969307985458,2.2409785
6.632101036471127,5.69806
10.691586780852372,5.2499695
1.2315380352284062,1.776127
2.2813441021331773,2.9078207
1.623352376242398,4.0676494
2.7437162627622027,3.3775003
1.1999492220141383,1.7579325
1.33637478890951,2.3448179
1.6687694403414337,1.6786727
1.546359132960362,2.2153678
1.5906066025035317,2.2764838
1.916928752521026,1.9731566
2.665555910085306,2.780016
0.7993923731524046,2.4980855
3.699886136134547,4.434107
3.143569740138413,2.6365151
3.312956756126974,2.8580356
2.1431840616498907,3.1140738
16.297618324355316,3.9933338
3.355108940291961,2.2171025
7.242005121103899,4.4133067
2.233408035775214,2.5950255
0.9856285931626708,1.6793786
3.8952753880518394,3.3780346
2.959448832332,2.971861
6.702778072223474,1.8544286
8.360841869448333,2.6950984
3.073235237886636,2.4805698
1.5875777460713962,2.0896802
0.913705070346658,1.9139998
4.509893632458061,2.30562
2.486772169909984,2.2703762
2.5358855411593035,4.0578184
4.30208594599485,3.0718398
2.599454725471231,2.3335595
1.3893285353277711,2.0901556
1.9525761332281808,1.8705469
0.6066127281952308,2.6387572
0.9028868511836892,2.9302683
3.960561027832564,2.8684015
18.55937473088335,17.996578
1.0546871005561025,2.0433962
1.2564201614532102,2.7289133
2.5687272048886114,2.7919004
2.9322419033055294,3.1280391
5.059809043045126,3.4680412
2.6581189522175706,3.4220536
1.608918816862668,2.175857
1.6115495645792144,1.8184924
0.9474871496349512,2.1707177
2.8414576296388154,2.9083009
4.107014455146551,1.7007159
0.823090275615786,3.1179771
4.607003901563273,2.5130382
5.134060531911695,4.9137383
1.9886155372277847,2.3235323
4.364870116695698,2.7259295
3.076672100640073,2.0317826
10.135259387604377,3.4323683
4.487999837616648,2.3274798
3.7013188558422936,2.6610775
1.0889794397063937,2.6646986
13.065815494228689,3.9864516
1.3615422141586428,2.5795603
1.3683505268167164,1.9836515
2.2640487805969656,2.876214
2.3876964197263417,1.5327635
0.7772588063115003,1.5650312
4.7878094639629625,1.980985
2.3686422919536847,1.8970765
5.324266365386472,1.9667684
3.871070417968427,4.9203725
1.216384197604817,2.0330834
3.884295966869238,1.6444982
9.198439801100156,6.2680306
2.0600898915985564,2.005993
0.1876229698141801,1.6217661
0.8149945805858374,1.6909019
1.7424871205181165,2.4202032
8.807911168864011,4.399692
1.3279752911322151,2.5170782
0.96803923046885,2.1991029
3.196419849361833,2.6964498
5.812906473881413,5.2784
2.4971275547633534,2.3025603
82.23117679261911,70.95685
2.619777244314996,4.2270703
2.5559735009158486,2.3834739
1.205102522091857,1.8471484
1.7890409057051175,1.9959638
4.2108359303454685,4.332012
2.635823113911393,3.2264566
1.611308689442239,2.1218112
3.7841022650536167,2.6462305
1.041234142023754,1.896365
3.902142573063905,5.2918777
1.7633130745332852,1.6953948
1.0331908794434863,1.8474873
3.5442633903899736,2.5273175
3.1953676440730776,5.7855678
4.115101181989966,2.671398
1.875859999162512,3.3968515
1.1595294992459446,2.2528644
0.6931278492990587,2.9061985
6.298838971999042,1.9001999
2.1221100104039774,2.2324262
1.5756632659687175,2.6635652
4.124114396730512,2.8611112
0.6519796533869071,1.9810637
1.6794844682415435,1.808444
8.876430794973285,2.7975893
2.1739712277100063,1.9734825
1.4450518403318129,2.1306517
1.1116282331586227,2.005993
1.9630158329022411,1.6005753
1.0038178978500552,2.1046352
1.1915371690725869,1.9490592
0.3230517960849872,1.8720533
1.196928197054642,2.9864557
1.5119002622152868,2.0157046
3.1993515141076694,2.2219179
7.928699394195179,5.9003186
1.4245080675562125,1.9579762
3.2838340430452497,2.0874624
6.2597982891855,7.5475335
1.86098578113568,3.0075278
0.9596102564999532,1.7309574
1.8098743731463705,2.406773
3.1584421137828964,2.5328035
3.005494236848325,3.6677823
1.638424358546987,1.7666306
2.526258124595397,2.880651
2.977462639341192,3.7482078
2.0935802762442317,2.6340714
1.9837499062317896,2.3279681
7.514866461440238,5.122061
1.6927354840350235,4.1968503
0.8804686340220388,1.8582302
2.0001886807356417,3.5163305
2.4560658276864578,2.3995528
6.152419102577227,6.866402
1.7297732558421488,2.1096056
3.1457992517958013,1.8705271
3.1713439788917084,3.3728387
0.6140622903946578,1.7603171
5.828887737678484,4.6509647
2.3303872883466505,2.0458782
0.4505526887350417,1.6324416
2.241728895100793,2.00106
3.730281071801962,3.027176
0.5888738447239601,2.005993
5.212578243281365,3.2554088
9.403833698673017,3.492114
2.526088156333864,2.1580446
1.074192573292476,2.6930895
1.200382603961219,2.021769
4.735627562914734,4.029512
14.247579716794212,3.5276039
2.159685722971854,3.6869943
0.9899040626652932,1.7993808
7.915874792023051,7.275127
0.4651730395923911,1.3038272
2.0089609781331244,2.2082524
1.113709899654276,1.5262762
1.9354634880909771,1.8861052
3.0254822563430577,4.1684856
1.5129265802989884,4.0016794
3.5767237047586926,2.1038334
4.961827016615207,2.1641037
13.33660764648993,8.3211
2.360590214814312,2.005993
0.6296122180025825,1.6335082
1.80358152630942,2.1440954
0.7218357547128975,1.9493128
6.017719979200382,4.622269
4.417498160131224,2.8466325
0.9709019903033204,1.7405094
3.394358019287464,2.9339557
0.4830430323472144,2.0837216
3.607964559095416,2.6695423
20.11223343556785,13.041923
9.770284041356138,3.7038517
1.07605416935559,1.5264287
1.5609434114754657,2.042541
1.3704634096517894,1.9084971
4.506473913273884,2.1122682
1.2418952339810525,2.9465425
3.609203031210483,3.2243972
2.087493018089681,1.9829712
2.381339101174522,2.2003064
1.016280147129387,2.005993
1.8344796884902588,3.130311
2.783684925162096,2.213162
2.2592974965403494,2.3839474
3.0590061649893063,5.6477513
5.654460526302836,5.951807
2.579888966956566,1.925124
2.487929961700762,1.9734493
2.588276640820681,2.1267936
0.302111930510603,1.4781555
2.485869590884523,1.8163562
0.409921802472993,2.30656
0.9094691444850066,1.657807
3.632310037903551,3.1588764
1.1113678364508246,2.0288093
2.054181259161536,1.6015474
4.401884451633546,3.8277261
1.3587569078427195,1.4561036
2.266450326580122,2.516287
4.588279389298274,2.7497241
6.074122883635784,5.941356
0.9460245896976848,1.4410812
2.308872032902554,2.5676785
0.6508731665222142,3.7534616
5.886972507326888,3.4251132
1.0514869163844325,2.6887212
1.5072898612377843,1.6682106
1.4001542333643058,3.344115
0.8564493187491871,1.9591165
1.885471510306321,1.7261431
5.252072259074707,3.9924958
6.734060988227444,3.4637983
3.1712468945458063,1.7777096
0.8457520526695602,1.9838163
4.076360014938334,5.281158
4.386203848286276,2.1599426
1.4373925408350243,1.5954264
1.914597697368435,1.950009
1.9613501530418669,2.7314298
1.582534066971392,1.5477585
1.6316156933302175,1.5836402
4.5717023071807015,3.2887583
1.530215280619417,1.6174904
3.147957953002315,3.1338143
1.7978283026374655,1.8320932
1.4823767729577977,1.7175497
3.128690604205326,4.4129004
7.040605001789663,2.9108908
2.205796360699259,2.6594982
4.815083276024117,1.9578015
1.7681102888711735,3.240295
3.29540366099093,2.557527
2.9679266651015204,2.0022929
1.0491830631404206,1.4827449
6.993772043445576,4.9938273
10.759915607955444,6.1100817
3.7055500423765615,3.4072394
5.315851553395282,5.078324
2.2445367015117434,3.1038122
0.8641968462273392,1.6899277
3.26593413127094,2.7660503
1.2844614511027042,2.007233
0.5315220323227878,1.7525789
0.3427797207703001,1.82433
3.1448452421517272,1.9140369
3.751849804141575,2.6015718
1.8144465647382295,3.7178698
20.428414061433905,7.725178
1.1869569759269794,2.9190688
1.9174253070701084,2.005993
15.151178739573322,13.829097
9.643500901427458,6.2630267
3.0857553626702474,2.3549504
5.106522312016714,2.935896
2.668453947430865,1.8694695
1.2216601232057172,1.979651
0.8321859421113023,1.9039994
1.7898249259697625,2.2598753
2.506573458859698,1.739721
1.3079557848873116,1.8162533
1.2272155422436553,3.0403776
1.9497216838355196,1.5726274
5.83752399584767,2.693375
0.6392651402236832,1.6438069
2.210405334127395,2.0459735
1.5361307489689613,2.8895664
1.5486468657434356,1.7448541
2.3001743926953564,2.2146215
0.790093822723532,1.7929294
1.4636387286994528,2.42447
3.839157153026689,2.1317587
0.9706129657445944,2.6040034
4.700435858370764,4.6912284
7.531375398557458,2.444228
1.004533733328477,1.9335562
1.2454474805452695,2.0246656
0.7138961852431832,1.780181
9.763130479927764,3.751099
1.0848311894206557,3.4075303
14.66256188502835,9.585765
4.729198966450237,4.337216
8.3647088582924,11.2959585
1.319251497188196,1.4982685
1.53270034725959,2.9862556
0.6322133676731284,1.8494073
1.6128380760617955,2.730951
0.9067703691654052,2.1819391
1.5770023189079247,2.2809992
1.629556678858768,1.9962107
0.9118236537238588,1.6018211
2.918630720968918,4.5157332
3.021934224217653,2.059002
1.449257930033194,1.8901447
0.6075754985113053,2.0640159
0.2578338470489475,1.6887553
2.384409359321233,2.1046696
2.868293435272907,2.0292788
3.847445088427187,2.0397053
1.197237204702604,1.675515
3.956315839628096,3.024915
0.9692976649791196,2.1173823
2.216326072882339,1.9956409
2.820811287118077,3.169815
1.9954874613316516,2.7100847
1.7566977260338388,2.1117578
0.6814319668319869,2.0523238
2.455619201297845,4.2328725
1.694399719797151,2.045559
1.7592832372176874,3.496015
5.480984994874076,3.5246377
1.0458649928087285,3.9712396
1.9693228433688756,2.6780725
3.5347657979347877,3.8519936
4.868729069239271,3.2454615
2.585984149491929,2.1711605
